,YelpID,Name,Latitude,Longitude,Address,Rating,Reviews,name_lower,FacilityCategory,BusinessName,FullAddress,AddrNum,StreetName,StreetType,PostDir,City,ZipCode,YearOfInspection,InspectionScore,business_lower
0,G9KdODINirmdSuYaBfBppA,Butcher & The Boar,44.974777,-93.279792,"1121 Hennepin Ave, Minneapolis 55403",4.5,1611,butcher & the boar,RESTAURANT,BUTCHER & THE BOAR,1121 HENNEPIN AVE,1121.0,HENNEPIN,AVE,,Minneapolis,55403.0,2019,100,butcher & the boar
1,zv_XJAQr9D3PNR5eHYhC5w,Bar La Grassa,44.98954,-93.278594,"800 Washington Ave N, Minneapolis 55401",4.5,1246,bar la grassa,RESTAURANT,BAR LA GRASSA,800 WASHINGTON AVE N #102,800.0,WASHINGTON,AVE,N,Minneapolis,55401.0,2018,94,bar la grassa
2,6vaAze9Fxuco249L3BhEdQ,112 Eatery,44.98267,-93.2716,"112 N 3rd St, Minneapolis 55401",4.5,1163,112 eatery,RESTAURANT,112 EATERY,112 3RD ST N,112.0,3RD,ST,N,Minneapolis,55401.0,2018,100,112 eatery
3,5olLs-K-_k_rWrrNLjvy0w,Spoon and Stable,44.9854892917291,-93.2695363613423,"211 N 1st St, Minneapolis 55401",4.5,891,spoon and stable,RESTAURANT,SPOON AND STABLE,211 1ST ST N #150,211.0,1ST,ST,N,Minneapolis,55401.0,2019,100,spoon and stable
4,iH3FcZ4Xchx3s7fgIINaYg,Pizzeria Lola,44.9018519553182,-93.3186280826087,"5557 Xerxes Ave S, Minneapolis 55410",4.5,1016,pizzeria lola,RESTAURANT,PIZZERIA LOLA,5557 XERXES AVE S,5557.0,XERXES,AVE,S,Minneapolis,55410.0,2019,96,pizzeria lola
5,Dx52kVp9UBzI4LuL-J4TWA,Brasa Rotisserie,44.989479,-93.251249,"600 E Hennepin Ave, Minneapolis 55414",4.5,970,brasa rotisserie,RESTAURANT,BRASA ROTISSERIE,600 HENNEPIN AVE E,600.0,HENNEPIN,AVE,E,Minneapolis,55414.0,2019,92,brasa rotisserie
6,l7mNzyV3pOZ3m87jRY6J7A,Hola Arepa,44.939423,-93.277406,"3501 Nicollet Ave, Minneapolis 55408",4.5,779,hola arepa,RESTAURANT,HOLA AREPA,3501 NICOLLET AVE,3501.0,NICOLLET,AVE,,Minneapolis,55408.0,2019,98,hola arepa
7,G7iXpVSRuXzCbD2daJ_JYQ,Surly Brewing,44.9732287,-93.2097663,"520 Malcolm Ave SE, Minneapolis 55414",4.0,1110,surly brewing,FOOD TRUCK,SURLY BREWING,520 MALCOLM AVE SE,520.0,MALCOLM,AVE,SE,Minneapolis,55414.0,2019,100,surly brewing
8,ErvVFzAYVArZS7gcWgY0rg,Matt's Bar,44.9394683837891,-93.247428894043,"3500 Cedar Ave S, Minneapolis 55407",4.0,1535,matt's bar,RESTAURANT,MATT'S BAR,3500 CEDAR AVE S,3500.0,CEDAR,AVE,S,Minneapolis,55407.0,2019,98,matt's bar
9,51E_-4s1wheqka5xtGAaNw,Martina,44.9243,-93.31523,"4312 S Upton Ave, Minneapolis 55410",4.5,470,martina,RESTAURANT,MARTINA,4312 UPTON AVE S,4312.0,UPTON,AVE,S,Minneapolis,55410.0,2018,96,martina
10,5Y2nekkwRrNMMSx3b-2EhA,Young Joni,45.001101,-93.266682,"165 13th Ave NE, Minneapolis 55413",4.5,659,young joni,RESTAURANT,YOUNG JONI,165 13TH AVE NE,165.0,13TH,AVE,NE,Minneapolis,55413.0,2019,100,young joni
11,NU-w3A68w-rG4o-VUryb7w,Red Cow,44.912706,-93.326139,"3624 W 50th St, Minneapolis 55410",4.5,747,red cow,RESTAURANT,RED COW,2626 HENNEPIN AVE,2626.0,HENNEPIN,AVE,,Minneapolis,55408.0,2019,96,red cow
12,NU-w3A68w-rG4o-VUryb7w,Red Cow,44.912706,-93.326139,"3624 W 50th St, Minneapolis 55410",4.5,747,red cow,RESTAURANT,RED COW,3624 50TH ST W,3624.0,50TH,ST,W,Minneapolis,55410.0,2018,100,red cow
13,NU-w3A68w-rG4o-VUryb7w,Red Cow,44.912706,-93.326139,"3624 W 50th St, Minneapolis 55410",4.5,747,red cow,RESTAURANT,RED COW,208 1ST AVE N,208.0,1ST,AVE,N,Minneapolis,55401.0,2019,96,red cow
14,Losq2H67kunQy6qQ6LFjmg,Quang Restaurant,44.953094,-93.277728,"2719 Nicollet Ave S, Minneapolis 55408",4.0,1049,quang restaurant,RESTAURANT,QUANG RESTAURANT,2719 NICOLLET AVE,2719.0,NICOLLET,AVE,,Minneapolis,55408.0,2019,92,quang restaurant
15,smrdXQyTcbqOHnK_OuScDw,My Huong Kitchen,44.9530173,-93.2780481,"2718 Nicollet Ave, Minneapolis 55408",4.5,366,my huong kitchen,RESTAURANT,MY HUONG KITCHEN,2718 NICOLLET AVE #101B,2718.0,NICOLLET,AVE,,Minneapolis,55408.0,2019,96,my huong kitchen
16,zXAv5ul5nRJZp3AGq9BzKA,Broders' Pasta Bar,44.91208,-93.30902,"5000 Penn Ave S, Minneapolis 55419",4.5,515,broders' pasta bar,RESTAURANT,BRODERS' PASTA BAR,5000 PENN AVE S,5000.0,PENN,AVE,S,Minneapolis,55419.0,2018,100,broders' pasta bar
17,Z9UFvaj_zeaVSg4Ta8D9qQ,Red Rabbit,44.983677,-93.271734,"201 N Washington Ave, Minneapolis 55401",4.5,523,red rabbit,RESTAURANT,RED RABBIT,201 WASHINGTON AVE N,201.0,WASHINGTON,AVE,N,Minneapolis,55401.0,2018,94,red rabbit
18,L9-URJtUCfQu4DpDh-d6wQ,Smack Shack,44.9866669959331,-93.2762138294999,"603 N Washington Ave, Minneapolis 55401",4.0,922,smack shack,RESTAURANT,SMACK SHACK,603 WASHINGTON AVE N,603.0,WASHINGTON,AVE,N,Minneapolis,55401.0,2019,98,smack shack
19,qgV2NGFS2ZL3JCwKTMkkPw,Birchwood Cafe,44.95721,-93.2234,"3311 E 25th St, Minneapolis 55406",4.0,624,birchwood cafe,GROCERY,BIRCHWOOD CAFE,3311 25TH ST E,3311.0,25TH,ST,E,Minneapolis,55406.0,2019,100,birchwood cafe
20,51SWfc0I300IpUZcv7kCfA,Zen Box Izakaya,44.9784334,-93.2596172,"602 Washington Ave S, Minneapolis 55415",4.0,615,zen box izakaya,RESTAURANT,ZEN BOX IZAKAYA,602 WASHINGTON AVE S,602.0,WASHINGTON,AVE,S,Minneapolis,55401.0,2019,100,zen box izakaya
21,ykTnu3sVxnnIeHpLRqE8bQ,Hen House Eatery,44.9752558913143,-93.2713201229745,"114 S 8th St, Minneapolis 55402",4.0,791,hen house eatery,RESTAURANT,HEN HOUSE EATERY,730 2ND AVE S,730.0,2ND,AVE,S,Minneapolis,,2018,92,hen house eatery
22,tiXUs4dvnrP6EhrvX5Yl_Q,Town Talk Diner & Gastropub,44.9481,-93.23273,"2707 E Lake St, Minneapolis 55406",4.5,205,town talk diner & gastropub,RESTAURANT,TOWN TALK DINER & GASTROPUB,2707 LAKE ST E,2707.0,LAKE,ST,E,Minneapolis,55406.0,2019,94,town talk diner & gastropub
23,TRj1IbnWC7T5pGiTw6B4-w,World Street Kitchen,44.952656,-93.287855,"2743 Lyndale Ave S, Minneapolis 55408",4.0,532,world street kitchen,FOOD TRUCK,WORLD STREET KITCHEN,2743 LYNDALE AVE S,2743.0,LYNDALE,AVE,S,Minneapolis,55408.0,2019,98,world street kitchen
24,7qd98YA5vv0ASuXGjVvn0A,Patisserie 46,44.91975,-93.2848,"4552 Grand Ave S, Minneapolis 55419",4.5,341,patisserie 46,RESTAURANT,PATISSERIE 46,4552 GRAND AVE S,4552.0,GRAND,AVE,S,Minneapolis,55419.0,2018,100,patisserie 46
25,2IOQ8COCI7iiJX2OiCPtoQ,The Lowry,44.961576,-93.292705,"2112 Hennepin Ave, Minneapolis 55405",4.0,711,the lowry,RESTAURANT,THE LOWRY,2112 HENNEPIN AVE,2112.0,HENNEPIN,AVE,,Minneapolis,55405.0,2019,92,the lowry
26,kzzUiEHyf7LwRJ6DUx8Wyg,Our Kitchen,44.937556,-93.290202,"813 W 36th St, Minneapolis 55408",4.5,300,our kitchen,RESTAURANT,OUR KITCHEN,813 36TH ST W,813.0,36TH,ST,W,Minneapolis,55409.0,2018,100,our kitchen
27,83mW24NnFzdTlfbjQ4VXXQ,Tilia,44.92467,-93.31407,"2726 W 43rd St, Minneapolis 55410",4.0,620,tilia,RESTAURANT,TILIA,2726 43RD ST W,2726.0,43RD,ST,W,Minneapolis,55410.0,2019,94,tilia
28,uETQZ6X9HAGPzozGgqjtiQ,Gorkha Palace,44.989277,-93.255079,"23 4th St NE, Minneapolis 55414",4.5,389,gorkha palace,RESTAURANT,GORKHA PALACE,23 4TH ST NE,23.0,4TH,ST,NE,Minneapolis,55413.0,2019,98,gorkha palace
29,mTnoCM3BrLttWb7m9P5SQQ,Wakame Sushi & Asian Bistro,44.9467406314283,-93.3220196801729,"3070 Excelsior Blvd, Minneapolis 55416",4.0,601,wakame sushi & asian bistro,RESTAURANT,WAKAME SUSHI & ASIAN BISTRO,3070 EXCELSIOR BLVD,3070.0,EXCELSIOR,BLVD,,Minneapolis,55416.0,2018,100,wakame sushi & asian bistro
30,IexXk6fO4dCdaUXrP8XW-Q,El Taco Riendo,45.0126599,-93.24786,"2412 Central Ave NE, Minneapolis 55418",4.0,414,el taco riendo,RESTAURANT,EL TACO RIENDO,2412 CENTRAL AVE NE,2412.0,CENTRAL,AVE,NE,Minneapolis,55418.0,2019,100,el taco riendo
31,H16j-AnU6QNcuNFgPNt2Sw,Pizza Luce,44.9817201167802,-93.2734656415651,"119 N 4th St, Minneapolis 55401",4.0,554,pizza luce,RESTAURANT,PIZZA LUCE,2200 FRANKLIN AVE E,2200.0,FRANKLIN,AVE,E,Minneapolis,55404.0,2019,98,pizza luce
32,H16j-AnU6QNcuNFgPNt2Sw,Pizza Luce,44.9817201167802,-93.2734656415651,"119 N 4th St, Minneapolis 55401",4.0,554,pizza luce,RESTAURANT,PIZZA LUCE,3200 LYNDALE AVE S,3200.0,LYNDALE,AVE,S,Minneapolis,55408.0,2019,100,pizza luce
33,MJvB5TFcFo2_cYGN0D5iTA,Pizza Luce,44.96298,-93.24044,"2200 E Franklin Ave, Minneapolis 55404",4.0,234,pizza luce,RESTAURANT,PIZZA LUCE,2200 FRANKLIN AVE E,2200.0,FRANKLIN,AVE,E,Minneapolis,55404.0,2019,98,pizza luce
34,MJvB5TFcFo2_cYGN0D5iTA,Pizza Luce,44.96298,-93.24044,"2200 E Franklin Ave, Minneapolis 55404",4.0,234,pizza luce,RESTAURANT,PIZZA LUCE,3200 LYNDALE AVE S,3200.0,LYNDALE,AVE,S,Minneapolis,55408.0,2019,100,pizza luce
35,eRnPeYTzkaRiH7WQq_i6fQ,Pizza Luce,44.9445,-93.28855,"3200 Lyndale Ave S, Minneapolis 55408",3.5,259,pizza luce,RESTAURANT,PIZZA LUCE,2200 FRANKLIN AVE E,2200.0,FRANKLIN,AVE,E,Minneapolis,55404.0,2019,98,pizza luce
36,eRnPeYTzkaRiH7WQq_i6fQ,Pizza Luce,44.9445,-93.28855,"3200 Lyndale Ave S, Minneapolis 55408",3.5,259,pizza luce,RESTAURANT,PIZZA LUCE,3200 LYNDALE AVE S,3200.0,LYNDALE,AVE,S,Minneapolis,55408.0,2019,100,pizza luce
37,AMlcSB_CZHx835LmeZ796A,Pizza Luce,44.88352,-93.28981,"800 W 66th St, Richfield 55423",4.0,252,pizza luce,RESTAURANT,PIZZA LUCE,2200 FRANKLIN AVE E,2200.0,FRANKLIN,AVE,E,Minneapolis,55404.0,2019,98,pizza luce
38,AMlcSB_CZHx835LmeZ796A,Pizza Luce,44.88352,-93.28981,"800 W 66th St, Richfield 55423",4.0,252,pizza luce,RESTAURANT,PIZZA LUCE,3200 LYNDALE AVE S,3200.0,LYNDALE,AVE,S,Minneapolis,55408.0,2019,100,pizza luce
39,OWbRO-kjkmE9JhaQZRo8_w,Pizza Luce,44.94688,-93.15029,"1183 Selby Ave, Saint Paul 55104",4.0,233,pizza luce,RESTAURANT,PIZZA LUCE,2200 FRANKLIN AVE E,2200.0,FRANKLIN,AVE,E,Minneapolis,55404.0,2019,98,pizza luce
40,OWbRO-kjkmE9JhaQZRo8_w,Pizza Luce,44.94688,-93.15029,"1183 Selby Ave, Saint Paul 55104",4.0,233,pizza luce,RESTAURANT,PIZZA LUCE,3200 LYNDALE AVE S,3200.0,LYNDALE,AVE,S,Minneapolis,55408.0,2019,100,pizza luce
41,G0ULL97D7OQvjPMpZxlscQ,Lu's Sandwiches,44.95474,-93.2783199,"2624 Nicollet Ave S, Minneapolis 55408",4.0,338,lu's sandwiches,RESTAURANT,LU'S SANDWICHES,2624 NICOLLET AVE,2624.0,NICOLLET,AVE,,Minneapolis,55408.0,2019,100,lu's sandwiches
42,G0ULL97D7OQvjPMpZxlscQ,Lu's Sandwiches,44.95474,-93.2783199,"2624 Nicollet Ave S, Minneapolis 55408",4.0,338,lu's sandwiches,RESTAURANT,LU'S SANDWICHES,10 6TH ST NE,10.0,6TH,ST,NE,Minneapolis,55413.0,2019,96,lu's sandwiches
43,fYlgTzLNx6bcaKAiHMG2wQ,HAI HAI,45.0098625272589,-93.2628971288361,"2121 University Ave NE, Minneapolis 55418",4.0,539,hai hai,RESTAURANT,HAI HAI,2121 UNIVERSITY AVE NE,2121.0,UNIVERSITY,AVE,NE,Minneapolis,55418.0,2019,94,hai hai
44,JV8Lpl_qThwGv-SFKJ_vaQ,Murray's,44.97863,-93.27234,"26 S 6th St, Minneapolis 55402",4.0,383,murray's,RESTAURANT,MURRAY'S,24 6TH ST S #1ST FLOOR,24.0,6TH,ST,S,Minneapolis,55402.0,2018,92,murray's
45,mdXoIXksYTiJhsYo-uknkQ,Maya Cuisine,45.00741,-93.24788,"1840 Central Ave NE, Minneapolis 55418",4.0,369,maya cuisine,RESTAURANT,MAYA CUISINE,1840 CENTRAL AVE NE,1840.0,CENTRAL,AVE,NE,Minneapolis,55418.0,2019,94,maya cuisine
46,9EdftCquw0YwWY3XsJlZVg,Rinata,44.95763,-93.29485,"2451 Hennepin Ave, Minneapolis 55405",4.0,309,rinata,RESTAURANT,RINATA,2451 HENNEPIN AVE,2451.0,HENNEPIN,AVE,,Minneapolis,55405.0,2019,92,rinata
47,EWCzHNxTnXFsR8SfdNAqWQ,Icehouse,44.9561920166016,-93.2783966064453,"2528 Nicollet Ave, Minneapolis 55404",4.0,410,icehouse,RESTAURANT,ICEHOUSE,2528 NICOLLET AVE,2528.0,NICOLLET,AVE,,Minneapolis,55404.0,2019,100,icehouse
48,DU_qwbYqbMaJZxxl_CZ3gQ,Hazel's Northeast,45.020324,-93.236869,"2859 Johnson St NE, Minneapolis 55418",4.0,414,hazel's northeast,RESTAURANT,HAZEL'S NORTHEAST,2859 JOHNSON ST NE,2859.0,JOHNSON,ST,NE,Minneapolis,55418.0,2019,98,hazel's northeast
49,D5OfOpImhbZDqAeLCj7_RQ,Hi-Lo Diner,44.94863,-93.21436,"4020 E Lake St, Minneapolis 55406",4.0,486,hi-lo diner,RESTAURANT,HI-LO DINER,4020 LAKE ST E,4020.0,LAKE,ST,E,Minneapolis,55406.0,2018,92,hi-lo diner
50,ZesuvK3U-6ZrMx8GK4rQGw,Himalayan Restaurant,44.94862,-93.22953,"2910 E Lake St, Minneapolis 55406",4.5,228,himalayan restaurant,RESTAURANT,HIMALAYAN RESTAURANT,2910 LAKE ST E,2910.0,LAKE,ST,E,Minneapolis,55406.0,2018,100,himalayan restaurant
51,SnU5lrvBvNnLWl6fVcw4nQ,Chino Latino,44.948677534011,-93.298462194819,"2916 Hennepin Ave, Minneapolis 55408",3.5,787,chino latino,RESTAURANT,CHINO LATINO,2916 HENNEPIN AVE,2916.0,HENNEPIN,AVE,,Minneapolis,55408.0,2019,98,chino latino
52,kLIRGu0p-j8ilVO-SfkWZw,Lands End Pasty Company,44.980361,-93.236702,"1316 4th St SE, Minneapolis 55414",5.0,122,lands end pasty company,RESTAURANT,LANDS END PASTY COMPANY,1314 4TH ST SE,1314.0,4TH,ST,SE,Minneapolis,55414.0,2019,94,lands end pasty company
53,opobJTJa9atqAytH80goDA,Barbette,44.948498,-93.302242,"1600 W Lake St, Minneapolis 55408",4.0,582,barbette,RESTAURANT,BARBETTE,1600 LAKE ST W,1600.0,LAKE,ST,W,Minneapolis,55408.0,2019,96,barbette
54,WOl_WxiKJVwifVFkc_smFw,Muddy Waters,44.949225,-93.287714,"2933 Lyndale Ave S, Minneapolis 55408",4.0,449,muddy waters,RESTAURANT,MUDDY WATERS,2933 LYNDALE AVE S,2933.0,LYNDALE,AVE,S,Minneapolis,55408.0,2019,94,muddy waters
55,bGT4lTagoIC6hd5PnCyltA,Colita,44.90485,-93.309061,"5400 Penn Ave S, Minneapolis 55419",4.5,241,colita,RESTAURANT,COLITA,5400 PENN AVE S,5400.0,PENN,AVE,S,Minneapolis,55419.0,2019,100,colita
56,CMFEdxLaeYAI9Vf3NUQx4w,The Herbivorous Butcher,44.9902328,-93.2539668,"507 1st Ave NE, Minneapolis 55413",4.5,180,the herbivorous butcher,FOOD TRUCK,THE HERBIVOROUS BUTCHER,507 1ST AVE NE,507.0,1ST,AVE,NE,Minneapolis,55413.0,2019,94,the herbivorous butcher
57,dBRIlzRYdvAhSdxOTBVYyw,Galactic Pizza,44.9496574401855,-93.2876663208008,"2917 Lyndale Ave S, Minneapolis 55408",4.0,298,galactic pizza,RESTAURANT,GALACTIC PIZZA,2917 LYNDALE AVE S,2917.0,LYNDALE,AVE,S,Minneapolis,55408.0,2019,96,galactic pizza
58,0wJTX6wwL7IqAsxDQK0jqA,Moroccan Flavors,44.9492188827136,-93.2606295085205,"920 E Lake S, Minneapolis 55407",4.5,113,moroccan flavors,RESTAURANT,MOROCCAN FLAVORS,920 LAKE ST E #126,920.0,LAKE,ST,E,Minneapolis,55407.0,2019,100,moroccan flavors
59,K9P6dLlPMyx7xs7fLQPiDw,Eat Street Social,44.9556549,-93.2783052,"18 W 26th St, Minneapolis 55404",4.0,410,eat street social,RESTAURANT,EAT STREET SOCIAL,18 26TH ST W,18.0,26TH,ST,W,Minneapolis,55404.0,2019,96,eat street social
60,vi58lz0GLWITkg_r0WieNg,Kbop Korean Bistro,44.9819673599659,-93.2367731630802,"425 13th Ave SE, Minneapolis 55414",4.5,225,kbop korean bistro,RESTAURANT,KBOP KOREAN BISTRO,425 13TH AVE SE,425.0,13TH,AVE,SE,Minneapolis,55414.0,2019,98,kbop korean bistro
61,I8CNZHuzqia4RO2DUaJKCQ,PinKU Japanese Street Food,44.9882191402789,-93.2566113262305,"20 University Ave NE, Minneapolis 55413",4.5,227,pinku japanese street food,RESTAURANT,PINKU JAPANESE STREET FOOD,20 UNIVERSITY AVE NE #D,20.0,UNIVERSITY,AVE,NE,Minneapolis,55413.0,2019,94,pinku japanese street food
62,0127hW6ScVMCOLCKJI6q9w,Stella's Fish Cafe & Prestige Oyster Bar,44.9484949,-93.2972001,"1400 W Lake St, Minneapolis 55408",3.5,877,stella's fish cafe & prestige oyster bar,RESTAURANT,STELLA'S FISH CAFE & PRESTIGE OYSTER BAR,1400 LAKE ST W,1400.0,LAKE,ST,W,Minneapolis,55408.0,2018,100,stella's fish cafe & prestige oyster bar
63,ddpjLv0P6iu7p1dRGCPWWw,Sushi Takatsu,44.9760103,-93.2709216,"733 Marquette Ave, Minneapolis 55402",4.5,117,sushi takatsu,RESTAURANT,SUSHI TAKATSU,733 MARQUETTE AVE #225,733.0,MARQUETTE,AVE,,Minneapolis,55402.0,2019,96,sushi takatsu
64,PiQICYa9PQH790gnCVoSyA,Cave Vin,44.90186,-93.31845,"5555 Xerxes Ave S, Minneapolis 55410",4.5,190,cave vin,RESTAURANT,CAVE VIN,5555 XERXES AVE S,5555.0,XERXES,AVE,S,Minneapolis,55410.0,2019,94,cave vin
65,VDevoiSjX_ia2m8lSfzCxA,Pimento Jamaican Kitchen,44.95643,-93.27839,"2524 Nicollet Ave S, Minneapolis 55404",4.0,303,pimento jamaican kitchen,FOOD TRUCK,PIMENTO JAMAICAN KITCHEN,2524 NICOLLET AVE,2524.0,NICOLLET,AVE,,Minneapolis,55404.0,2019,92,pimento jamaican kitchen
66,aNY9AUIfDMSHBRksP6I32w,Common Roots Cafe,44.95569,-93.28846,"2558 Lyndale Ave S, Minneapolis 55405",4.0,366,common roots cafe,RESTAURANT,COMMON ROOTS CAFE,2558 LYNDALE AVE S,2558.0,LYNDALE,AVE,S,Minneapolis,55405.0,2019,100,common roots cafe
67,6T2SVQbBNZ-H0fjMQtV2rQ,Borough,44.988857,-93.277813,"730 N Washington Ave, Minneapolis 55401",4.0,309,borough,RESTAURANT,BOROUGH,730 WASHINGTON AVE N #114/B02,730.0,WASHINGTON,AVE,N,Minneapolis,55401.0,2019,98,borough
68,Xnsa4CJMPqyHkyISgxrzxg,Peninsula Malaysian Cuisine,44.95511,-93.2783199,"2608 Nicollet Ave S, Minneapolis 55408",4.0,318,peninsula malaysian cuisine,RESTAURANT,PENINSULA MALAYSIAN CUISINE,2608 NICOLLET AVE,2608.0,NICOLLET,AVE,,Minneapolis,55408.0,2018,96,peninsula malaysian cuisine
69,H0eHTMAwl43Zjou-rRNDtg,Red Stag Supperclub,44.990301,-93.253628,"509 1st Ave NE, Minneapolis 55413",3.5,493,red stag supperclub,RESTAURANT,RED STAG SUPPERCLUB,509 1ST AVE NE,509.0,1ST,AVE,NE,Minneapolis,55413.0,2019,92,red stag supperclub
70,xoq8XRgV5f031ZI3aHrSFg,Ramen Kazama,44.9410781860352,-93.2781982421875,"3400 Nicollet Ave S, Minneapolis 55408",4.0,351,ramen kazama,RESTAURANT,RAMEN KAZAMA,3400 NICOLLET AVE,3400.0,NICOLLET,AVE,,Minneapolis,55408.0,2019,96,ramen kazama
71,Xg-x-mnNvTHLlqXJo4dW0A,Ramen Kazama,44.9877011631264,-93.229863675527,"1510 Como Ave Se, Minneapolis 55414",4.0,94,ramen kazama,RESTAURANT,RAMEN KAZAMA,3400 NICOLLET AVE,3400.0,NICOLLET,AVE,,Minneapolis,55408.0,2019,96,ramen kazama
72,7LYfwJHjeVr4_nBPHDTeMw,Kyatchi,44.9343347,-93.2781296,"3758 Nicollet Ave, Minneapolis 55409",4.0,249,kyatchi,RESTAURANT,KYATCHI,3758 NICOLLET AVE,3758.0,NICOLLET,AVE,,Minneapolis,55409.0,2018,100,kyatchi
73,KOS_tbDcMv5O8ITb6xre8g,Sun Street Breads,44.91944,-93.27834,"4600 Nicollet Ave S, Minneapolis 55419",4.0,208,sun street breads,RESTAURANT,SUN STREET BREADS,4600 NICOLLET AVE,4600.0,NICOLLET,AVE,,Minneapolis,55419.0,2019,100,sun street breads
74,Z0f8wwUpiq2TLLIGm4BMKg,4 Bells,44.9715994444279,-93.2853928832299,"1610 Harmon Pl, Minneapolis 55403",4.0,295,4 bells,RESTAURANT,4 BELLS,1610 HARMON PL,1610.0,HARMON,PL,,Minneapolis,55403.0,2019,94,4 bells
75,068-MS43H2xgeWikB9cyBg,Sen Yai Sen Lek,45.01289,-93.2477399,"2422 Central Ave NE, Minneapolis 55418",4.0,312,sen yai sen lek,RESTAURANT,SEN YAI SEN LEK,2424 CENTRAL AVE NE,2424.0,CENTRAL,AVE,NE,Minneapolis,55418.0,2019,94,sen yai sen lek
76,EsptO0Gr76-etcks8RYw9g,Nightingale,44.95578,-93.28768,"2551 Lyndale Ave S, Minneapolis 55405",4.0,255,nightingale,RESTAURANT,NIGHTINGALE,2551 LYNDALE AVE S,2551.0,LYNDALE,AVE,S,Minneapolis,55405.0,2019,96,nightingale
77,w-SNKgqgNcsEq7Npv2NfEw,Smoke In The Pit,44.9349588,-93.2623312,"3733 Chicago Ave S, Minneapolis 55407",4.5,188,smoke in the pit,RESTAURANT,SMOKE IN THE PIT,3733 CHICAGO AVE,3733.0,CHICAGO,AVE,,Minneapolis,55407.0,2018,100,smoke in the pit
78,ZrqCu9utGiCIe6igBVnE4g,Tenant Restaurant,44.9248850365973,-93.2910469919443,"4300 Bryant Ave S, Minneapolis 55409",4.5,89,tenant restaurant,RESTAURANT,TENANT RESTAURANT,4300 BRYANT AVE S,4300.0,BRYANT,AVE,S,Minneapolis,55409.0,2018,100,tenant restaurant
79,_hluGBt1cPMm5glevl7nSg,The Sample Room,45.00955,-93.2721399,"2124 Marshall St NE, Minneapolis 55418",4.0,296,the sample room,RESTAURANT,THE SAMPLE ROOM,2124 MARSHALL ST NE,2124.0,MARSHALL,ST,NE,Minneapolis,55418.0,2019,96,the sample room
80,n-YJcCcqEteJwGD5WqihtA,Masu Sushi & Robata,44.9883318186803,-93.2550374451695,"330 E Hennepin Ave, Minneapolis 55414",3.5,437,masu sushi & robata,RESTAURANT,MASU SUSHI & ROBATA,328 HENNEPIN AVE E,328.0,HENNEPIN,AVE,E,Minneapolis,55414.0,2019,98,masu sushi & robata
81,1b48T8_1plm8qxfJNIG3Tw,5-8 club,44.89772,-93.24798,"5800 Cedar Ave, Minneapolis 55417",3.5,665,5-8 club,RESTAURANT,5-8 CLUB,5800 CEDAR AVE S,5800.0,CEDAR,AVE,S,Minneapolis,55417.0,2018,98,5-8 club
82,RgXeN29zBaSGqrT-jJR7Ww,The 1029 Bar,44.99809,-93.26814,"1029 Marshall St NE, Minneapolis 55413",4.0,211,the 1029 bar,RESTAURANT,THE 1029 BAR,1029 MARSHALL ST NE,1029.0,MARSHALL,ST,NE,Minneapolis,55413.0,2019,98,the 1029 bar
83,sKQYFMUNyt8TORY2cOZskQ,Mojo Coffee Gallery,45.010724,-93.26854,"2205 California St NE, Minneapolis 55418",4.5,87,mojo coffee gallery,RESTAURANT,MOJO COFFEE GALLERY,2205 CALIFORNIA ST NE,2205.0,CALIFORNIA,ST,NE,Minneapolis,55418.0,2020,94,mojo coffee gallery
84,8GwO6xW7jNe90wotC2LGKA,Shuang Cheng Restaurant,44.98044,-93.2365,"1320 4th St SE, Minneapolis 55414",4.0,315,shuang cheng restaurant,RESTAURANT,SHUANG CHENG RESTAURANT,1320 4TH ST SE,1320.0,4TH,ST,SE,Minneapolis,55414.0,2019,100,shuang cheng restaurant
85,8CSob0dujFjytEmj-hYahA,Uptown Diner,44.9560891,-93.2964327,"2548 Hennepin Ave S, Minneapolis 55405",3.5,363,uptown diner,RESTAURANT,UPTOWN DINER,2548 HENNEPIN AVE,2548.0,HENNEPIN,AVE,,Minneapolis,55405.0,2019,94,uptown diner
86,7kBAKnB0xeu68q0Ds_aiAg,Costa Blanca Bistro,45.01275,-93.24786,"2416 Central Ave NE, Minneapolis 55418",4.5,113,costa blanca bistro,RESTAURANT,COSTA BLANCA BISTRO,2416 CENTRAL AVE NE,2416.0,CENTRAL,AVE,NE,Minneapolis,55418.0,2019,100,costa blanca bistro
87,Z_Y3BqUKbFXm0B_NkruDcQ,Barrio,44.97407,-93.27416,"925 Nicollet Mall, Minneapolis 55402",3.5,460,barrio,RESTAURANT,BARRIO,925 NICOLLET MALL,925.0,NICOLLET MALL,,,Minneapolis,55402.0,2019,86,barrio
88,l5BS7mKuNQDjslY1ufGfJA,Amazing Thailand,44.9474286384202,-93.2987386313523,"3024 Hennepin Ave S, Minneapolis 55408",3.5,464,amazing thailand,RESTAURANT,AMAZING THAILAND,3024 HENNEPIN AVE,3024.0,HENNEPIN,AVE,,Minneapolis,55408.0,2018,100,amazing thailand
89,aVFytvKzR4GnBxSzHK0EJA,Fika,44.9550197701836,-93.2655572891235,"American Swedish Institute, Minneapolis 55407",4.5,114,fika,RESTAURANT,FIKA,2600 PARK AVE,2600.0,PARK,AVE,,Minneapolis,55407.0,2019,96,fika
90,t6gOJACxHQFveV1-vmEZmg,Spitz,44.98914,-93.25228,"518 E Hennepin Ave, Minneapolis 55414",4.0,182,spitz,RESTAURANT,SPITZ,518 HENNEPIN AVE E,518.0,HENNEPIN,AVE,E,Minneapolis,55414.0,2019,100,spitz
91,3vL7hXyLlRkz77bvy4_LYA,Jasmine Deli,44.9562932291908,-93.2780600680534,"2532 Nicollet Ave, Minneapolis 55404",4.0,152,jasmine deli,RESTAURANT,JASMINE DELI,2532 NICOLLET AVE,2532.0,NICOLLET,AVE,,Minneapolis,55404.0,2019,94,jasmine deli
92,rQdlDXb1pH2VZl9NDAYr4g,Cafe Ena,44.9194302,-93.2842393,"4601 Grand Ave S, Minneapolis 55419",4.0,246,cafe ena,RESTAURANT,CAFE ENA,4601 GRAND AVE S,4601.0,GRAND,AVE,S,Minneapolis,55419.0,2018,96,cafe ena
93,DkEza4eYThvhfnj_oPBSPw,Gandhi Mahal,44.9479179382324,-93.2327346801758,"3009 27th Ave S, Minneapolis 55406",4.0,330,gandhi mahal,RESTAURANT,GANDHI MAHAL,3009 27TH AVE S,3009.0,27TH,AVE,S,Minneapolis,55406.0,2019,84,gandhi mahal
94,YMZS-m2VrbJ3zW93i6umig,Darbar India Grill,44.948343,-93.2947493,"1221 W Lake St, Minneapolis 55408",4.0,271,darbar india grill,RESTAURANT,DARBAR INDIA GRILL,1221 LAKE ST W #105,1221.0,LAKE,ST,W,Minneapolis,55408.0,2018,94,darbar india grill
95,eAbwnD7c_Uz5sAbhqYYPsQ,Seed Cafe,44.9490399,-93.32128,"3252 W Lake St, Minneapolis 55416",4.5,64,seed cafe,RESTAURANT,SEED CAFE,3252 LAKE ST W #B,3252.0,LAKE,ST,W,Minneapolis,55416.0,2019,96,seed cafe
96,i5wbSA8McFgLV1ERVrOn_Q,Longfellow Grill,44.948722,-93.2061658,"2990 W River Pkwy, Minneapolis 55406",4.0,329,longfellow grill,RESTAURANT,LONGFELLOW GRILL,2990 WEST RIVER PKWY,2990.0,WEST RIVER,PKWY,,Minneapolis,55406.0,2019,94,longfellow grill
97,zIofRYBS1e5rZLXaAEJACQ,Aster Cafe,44.9846149557524,-93.2550563269837,"125 SE Main St, Minneapolis 55414",3.5,350,aster cafe,RESTAURANT,ASTER CAFE,125 MAIN ST SE,125.0,MAIN,ST,SE,Minneapolis,55414.0,2019,96,aster cafe
98,0BAIDmWcSbX4SBPuvP4Iew,Kimchi Tofu House,44.97328,-93.226937,"307 SE Oak St, Minneapolis 55414",4.0,215,kimchi tofu house,RESTAURANT,KIMCHI TOFU HOUSE,307 OAK ST SE,307.0,OAK,ST,SE,Minneapolis,55414.0,2019,100,kimchi tofu house
99,3gvxjCwht6zSvLuf_bU09Q,Fat Lorenzo's,44.9008511,-93.2477544,"5600 Cedar Ave S, Minneapolis 55417",4.0,298,fat lorenzo's,RESTAURANT,FAT LORENZO'S,5600 CEDAR AVE S,5600.0,CEDAR,AVE,S,Minneapolis,55417.0,2019,98,fat lorenzo's
100,p13IKfqqRykrLhIaBBX0Ig,Waffle Bar,44.9527015,-93.2882666,"2758 Lyndale Ave S, Minneapolis 55408",4.0,155,waffle bar,RESTAURANT,WAFFLE BAR,2758 LYNDALE AVE S,2758.0,LYNDALE,AVE,S,Minneapolis,55408.0,2019,100,waffle bar
101,lnBW3PF5l90mpPwYO74h7w,Bryant Lake Bowl,44.9484814938579,-93.2901369077954,"810 W Lake St, Minneapolis 55408",3.5,319,bryant lake bowl,RESTAURANT,BRYANT LAKE BOWL,810 LAKE ST W,810.0,LAKE,ST,W,Minneapolis,55408.0,2019,98,bryant lake bowl
102,5hjJEdnSzF_K25Uy-OWLVQ,Guavas Cuban Cafe,44.9012719,-93.2623526,"5607 Chicago Ave, Minneapolis 55417",4.5,120,guavas cuban cafe,RESTAURANT,GUAVAS CUBAN CAFE,5607 CHICAGO AVE,5607.0,CHICAGO,AVE,,Minneapolis,55417.0,2019,98,guavas cuban cafe
103,okrikJN73br3ZSE3pCnNXw,May Day Cafe,44.93987,-93.25281,"3440 Bloomington Ave, Minneapolis 55407",4.5,135,may day cafe,RESTAURANT,MAY DAY CAFE,3440 BLOOMINGTON AVE,3440.0,BLOOMINGTON,AVE,,Minneapolis,55407.0,2019,92,may day cafe
104,ZG1ZbICdPosZQJoIAsvsug,The Cove,44.98139,-93.23572,"1320 5th St SE, Minneapolis 55414",4.0,137,the cove,RESTAURANT,THE COVE,1320 5TH ST SE,1320.0,5TH,ST,SE,Minneapolis,55414.0,2019,92,the cove
105,VqQ2pFi9gBdOPCYmdn5nvw,The Sonder Shaker,44.9871562,-93.2583503,"130 E Hennepin Ave, Minneapolis 55414",4.0,140,the sonder shaker,RESTAURANT,THE SONDER SHAKER,130 HENNEPIN AVE E,130.0,HENNEPIN,AVE,E,Minneapolis,55414.0,2019,94,the sonder shaker
106,GwXxeMEQAFbu1HXowumfXg,Broders Cucina Italiana,44.9126091,-93.3090591,"2308 W 50th St, Minneapolis 55410",4.0,156,broders cucina italiana,RESTAURANT,BRODERS CUCINA ITALIANA,2308 50TH ST W,2308.0,50TH,ST,W,Minneapolis,55410.0,2018,96,broders cucina italiana
107,KdNY1162oqdrGmjJoUHyAQ,Republic,44.97319,-93.24692,"221 Cedar Ave S, Minneapolis 55455",3.5,311,republic,RESTAURANT,REPUBLIC,221 CEDAR AVE S,221.0,CEDAR,AVE,S,Minneapolis,55454.0,2018,96,republic
108,_vYb1T999TNxcpAt_R3HFw,Merlins Rest Pub,44.9480623,-93.2202283,"3601 E Lake St, Minneapolis 55406",4.0,195,merlins rest pub,RESTAURANT,MERLINS REST PUB,3601 LAKE ST E,3601.0,LAKE,ST,E,Minneapolis,55406.0,2019,98,merlins rest pub
109,beiLfLG1Y0sAxhXZoqok8A,Zakia Deli,44.99478,-93.22637,"2412 Kennedy St NE, Minneapolis 55413",4.5,118,zakia deli,RESTAURANT,ZAKIA DELI,451 STINSON PKWY #B,451.0,STINSON,PKWY,,Minneapolis,55413.0,2018,96,zakia deli
110,EWDHQTfclTXSbAWcPYN11w,Urban Eatery,44.950165,-93.315056,"2730 W Lake St, Minneapolis 55416",4.0,227,urban eatery,RESTAURANT,URBAN EATERY,2730 LAKE ST W #1ST FL,2730.0,LAKE,ST,W,Minneapolis,55416.0,2018,96,urban eatery
111,P7nJN_14j28o12Q3iEOFfA,Kafe 421,44.9812,-93.23556,"421 14th Ave SE, Minneapolis 55414",4.0,146,kafe 421,RESTAURANT,KAFE 421,421 14TH AVE SE,421.0,14TH,AVE,SE,Minneapolis,55414.0,2019,92,kafe 421
112,_BKkFuSQl6XqYHmLTNmtqg,Mesa Pizza,44.9808327904414,-93.2361996284807,"1323 4th St SE, Minneapolis 55414",4.0,228,mesa pizza,RESTAURANT,MESA PIZZA,1323 4TH ST SE,1323.0,4TH,ST,SE,Minneapolis,55414.0,2018,96,mesa pizza
113,GSbUWfGgxn5SZhqmEEgAFg,Mesa Pizza,44.948530170508,-93.299314011232,"1440 W Lake St, Minneapolis 55408",3.5,122,mesa pizza,RESTAURANT,MESA PIZZA,1323 4TH ST SE,1323.0,4TH,ST,SE,Minneapolis,55414.0,2018,96,mesa pizza
114,FR9ZFGmwrrxCrolxZDy6NQ,Sushi Train,44.971904,-93.276914,"1200 Nicollet Mall, Minneapolis 55403",4.0,207,sushi train,RESTAURANT,SUSHI TRAIN,1200 NICOLLET MALL,1200.0,NICOLLET MALL,,,Minneapolis,55403.0,2019,96,sushi train
115,5aWhORV8Z6f--mPCHKxyEw,Cafe Racer Kitchen,44.95719,-93.22865,"2929 E 25th St, Minneapolis 55406",4.5,122,cafe racer kitchen,RESTAURANT,CAFE RACER KITCHEN,2929 25TH ST E,2929.0,25TH,ST,E,Minneapolis,55406.0,2019,96,cafe racer kitchen
116,nZcVdBxMwTa27uQezSuGTg,Emily's Lebanese Deli,44.995659,-93.261374,"641 University Ave NE, Minneapolis 55413",4.0,203,emily's lebanese deli,WHOLESALE,EMILY'S LEBANESE DELI,641 UNIVERSITY AVE NE,641.0,UNIVERSITY,AVE,NE,Minneapolis,55413.0,2018,100,emily's lebanese deli
117,71c8fd_XWkMQWZptcpJPsQ,Ideal Diner,45.00154,-93.24772,"1314 Central Ave NE, Minneapolis 55413",4.5,128,ideal diner,RESTAURANT,IDEAL DINER,1314 CENTRAL AVE NE,1314.0,CENTRAL,AVE,NE,Minneapolis,55413.0,2018,100,ideal diner
118,2AoJFItzjtGTrWeCBK-Mug,Harriet Brasserie,44.924619428759,-93.313710310022,"2724 W 43rd St, Minneapolis 55410",4.0,169,harriet brasserie,RESTAURANT,HARRIET BRASSERIE,2724 43RD ST W,2724.0,43RD,ST,W,Minneapolis,55410.0,2018,96,harriet brasserie
119,dF9NIaW_s7RWoLyq_zG4Jg,Zumbro Cafe,44.924565,-93.315071,"2803 W 43rd St, Minneapolis 55410",4.0,135,zumbro cafe,RESTAURANT,ZUMBRO CAFE,2803 43RD ST W,2803.0,43RD,ST,W,Minneapolis,55410.0,2018,96,zumbro cafe
120,aOM_FFpMTXGT0TrC9C3P0Q,Cuppa Java,44.97327,-93.30869,"400 Penn Ave S, Minneapolis 55405",4.5,83,cuppa java,RESTAURANT,CUPPA JAVA,400 PENN AVE S,400.0,PENN,AVE,S,Minneapolis,55405.0,2019,92,cuppa java
121,z8lduDUMvrc6dGSLMgEHFg,Berry Sweet Kitchen,44.90504,-93.2233,"5406 34th Ave S, Minneapolis 55417",4.0,158,berry sweet kitchen,RESTAURANT,BERRY SWEET KITCHEN,5406 34TH AVE S,5406.0,34TH,AVE,S,Minneapolis,55417.0,2018,96,berry sweet kitchen
122,AKnYRwq5qFU2oa4ce2P_Bw,Vellee Deli,44.9762567,-93.270768,"109 S 7th St, Minneapolis 55402",4.0,111,vellee deli,RESTAURANT,VELLEE DELI,109 7TH ST S #263,109.0,7TH,ST,S,Minneapolis,55402.0,2018,100,vellee deli
123,hgvL9cJmxb7zb3TQ7YfLyw,Town Hall Tap,44.915754,-93.26303,"4810 Chicago Ave S, Minneapolis 55417",4.0,193,town hall tap,RESTAURANT,TOWN HALL TAP,4810 CHICAGO AVE,4810.0,CHICAGO,AVE,,Minneapolis,55417.0,2019,100,town hall tap
124,v7X2wE24BVwHdGZAjjsbNA,Fuji Ya,44.94865,-93.28728,"600 W Lake St, Minneapolis 55408",3.5,310,fuji ya,RESTAURANT,FUJI YA,600 LAKE ST W,600.0,LAKE,ST,W,Minneapolis,55408.0,2018,98,fuji ya
125,Q6YxgxXAmKzoKMrbL8IosQ,The Wienery,44.96965,-93.24749,"414 Cedar Ave S, Minneapolis 55467",4.0,197,the wienery,RESTAURANT,THE WIENERY,414 CEDAR AVE S,414.0,CEDAR,AVE,S,Minneapolis,55454.0,2019,98,the wienery
126,2JAJ9Rd7gaMFC8MNfgI3jg,Raising Cane's Chicken Fingers,44.9738128,-93.2262807,"825 Washington Ave SE, Minneapolis 55414",4.0,144,raising cane's chicken fingers,RESTAURANT,RAISING CANE'S CHICKEN FINGERS,302 15TH AVE SE,302.0,15TH,AVE,SE,Minneapolis,55414.0,2019,94,raising cane's chicken fingers
127,eZoZc9NTjYg6bo1-wGPg-w,The Mill Northeast,45.007732,-93.247107,"1851 Central Ave NE, Minneapolis 55418",4.0,217,the mill northeast,RESTAURANT,THE MILL NORTHEAST,1851 CENTRAL AVE NE,1851.0,CENTRAL,AVE,NE,Minneapolis,55418.0,2019,100,the mill northeast
128,OYYF4VOrE_i1lqTIr94Sog,Boiler Room Coffee,44.9644248,-93.2729259,"1830 3rd Ave S, Minneapolis 55404",4.0,117,boiler room coffee,RESTAURANT,BOILER ROOM COFFEE,1830 3RD AVE S,1830.0,3RD,AVE,S,Minneapolis,55403.0,2019,100,boiler room coffee
129,IQpWgpVj6Z4BzvcdATBI_Q,Momo Sushi,45.00734,-93.24697,"1839 Central Ave NE, Minneapolis 55418",4.5,61,momo sushi,RESTAURANT,MOMO SUSHI,1839 CENTRAL AVE NE,1839.0,CENTRAL,AVE,NE,Minneapolis,55418.0,2019,94,momo sushi
130,VS1dirYgaAY4_KVGRRGGvg,Safari Express,44.9493567,-93.2612816,"920 E Lake St, Minneapolis 55407",4.5,94,safari express,RESTAURANT,SAFARI EXPRESS,920 LAKE ST E #134,920.0,LAKE,ST,E,Minneapolis,55407.0,2019,92,safari express
131,Mopw-koOu2bP9kPIl1v6Sg,Tea House Chinese Restaurant,44.97396,-93.2215,"2425 University Ave SE, Minneapolis 55414",3.5,258,tea house chinese restaurant,RESTAURANT,TEA HOUSE CHINESE RESTAURANT,2425 UNIVERSITY AVE SE,2425.0,UNIVERSITY,AVE,SE,Minneapolis,55414.0,2019,100,tea house chinese restaurant
132,5-Qtz54THCIMfSpZhzABsA,CRISP & GREEN,44.9861519,-93.2743597,"428 N Washington Ave, Minneapolis 55401",4.5,80,crisp & green,RESTAURANT,CRISP & GREEN,428 WASHINGTON AVE N,428.0,WASHINGTON,AVE,N,Minneapolis,55401.0,2019,100,crisp & green
133,zOOTXpQY3kDczVW47Y5ObA,CRISP & GREEN,44.98102,-93.23566,"411 14th Ave SE, Minneapolis 55411",4.0,13,crisp & green,RESTAURANT,CRISP & GREEN,428 WASHINGTON AVE N,428.0,WASHINGTON,AVE,N,Minneapolis,55401.0,2019,100,crisp & green
134,Y_6m9iJZK7EGZorBS9g6hA,Prima Pasta Salads Panini,44.9061499,-93.28761,"5325 Lyndale Ave S, Minneapolis 55419",4.5,95,prima pasta salads panini,RESTAURANT,PRIMA PASTA SALADS PANINI,5325 LYNDALE AVE S,5325.0,LYNDALE,AVE,S,Minneapolis,55419.0,2019,96,prima pasta salads panini
135,b1oHV2wzEAV5cQZ4Egg6tQ,Bep Eatery,44.9783297898153,-93.2687015196045,"100 S 5th St, Minneapolis 55402",4.0,114,bep eatery,RESTAURANT,BEP EATERY,100 5TH ST S #210,100.0,5TH,ST,S,Minneapolis,55402.0,2019,98,bep eatery
136,b1oHV2wzEAV5cQZ4Egg6tQ,Bep Eatery,44.9783297898153,-93.2687015196045,"100 S 5th St, Minneapolis 55402",4.0,114,bep eatery,RESTAURANT,BEP EATERY,800 LASALLE AVE #211,800.0,LASALLE,AVE,,Minneapolis,55402.0,2019,96,bep eatery
137,b1oHV2wzEAV5cQZ4Egg6tQ,Bep Eatery,44.9783297898153,-93.2687015196045,"100 S 5th St, Minneapolis 55402",4.0,114,bep eatery,RESTAURANT,BEP EATERY,733 MARQUETTE AVE #223,733.0,MARQUETTE,AVE,,Minneapolis,55402.0,2019,98,bep eatery
138,tysQgeEfHgTgeguvs4-6lg,Bep Eatery,44.9764,-93.27515,"800 Lasalle Ave, Minneapolis 55402",4.0,28,bep eatery,RESTAURANT,BEP EATERY,100 5TH ST S #210,100.0,5TH,ST,S,Minneapolis,55402.0,2019,98,bep eatery
139,tysQgeEfHgTgeguvs4-6lg,Bep Eatery,44.9764,-93.27515,"800 Lasalle Ave, Minneapolis 55402",4.0,28,bep eatery,RESTAURANT,BEP EATERY,800 LASALLE AVE #211,800.0,LASALLE,AVE,,Minneapolis,55402.0,2019,96,bep eatery
140,tysQgeEfHgTgeguvs4-6lg,Bep Eatery,44.9764,-93.27515,"800 Lasalle Ave, Minneapolis 55402",4.0,28,bep eatery,RESTAURANT,BEP EATERY,733 MARQUETTE AVE #223,733.0,MARQUETTE,AVE,,Minneapolis,55402.0,2019,98,bep eatery
141,pyiNbsTflnKuuDwXKvi3JA,Pat's Tap,44.939194,-93.2782749,"3510 Nicollet Ave S, Minneapolis 55408",3.5,292,pat's tap,RESTAURANT,PAT'S TAP,3510 NICOLLET AVE,3510.0,NICOLLET,AVE,,Minneapolis,55408.0,2019,96,pat's tap
142,6DQ1aAXo3IdNg3lh1C7pew,Northern Coffeeworks,44.97518,-93.25362,"1027 Washington Ave S, Minneapolis 55415",4.0,105,northern coffeeworks,RESTAURANT,NORTHERN COFFEEWORKS,1027 WASHINGTON AVE S,1027.0,WASHINGTON,AVE,S,Minneapolis,55415.0,2019,94,northern coffeeworks
143,lcE0Kj_G54McAjByfrO2jQ,Origami Uptown,44.9495944043969,-93.2973022227539,"1354 Lagoon Ave, Minneapolis 55408",3.5,180,origami uptown,RESTAURANT,ORIGAMI UPTOWN,1354 LAGOON AVE,1354.0,LAGOON,AVE,,Minneapolis,55408.0,2018,100,origami uptown
144,QxuhZf3VxYsq4zShbgBJ3Q,Fairgrounds Coffee and Tea,44.98575,-93.27117,"116 3rd Ave N, Minneapolis 55401",4.0,114,fairgrounds coffee and tea,RESTAURANT,FAIRGROUNDS COFFEE AND TEA,116 3RD AVE N,116.0,3RD,AVE,N,Minneapolis,55401.0,2018,96,fairgrounds coffee and tea
145,4nz-CBYmVbWEvqnDtP4s_w,Parallel,44.97987,-93.2838,"145 Holden St N, Minneapolis 55405",4.5,57,parallel,RESTAURANT,PARALLEL,145 HOLDEN ST N,145.0,HOLDEN,ST,N,Minneapolis,55405.0,2019,92,parallel
146,HkX_gLK-bZ0A3su05GR2yQ,Taco Taxi,44.9483151733875,-93.25320571661,"1511 E Lake St, Minneapolis 55407",4.0,138,taco taxi,RESTAURANT,TACO TAXI,1511 LAKE ST E,1511.0,LAKE,ST,E,Minneapolis,55407.0,2019,100,taco taxi
147,DPSokyzcN-dbZLA96bV0eA,Naf Naf Grill,44.97687,-93.26759,"200 S 6th St, Minneapolis 55402",4.5,71,naf naf grill,RESTAURANT,NAF NAF GRILL,121 8TH ST S,121.0,8TH,ST,S,Minneapolis,55402.0,2019,100,naf naf grill
148,DPSokyzcN-dbZLA96bV0eA,Naf Naf Grill,44.97687,-93.26759,"200 S 6th St, Minneapolis 55402",4.5,71,naf naf grill,RESTAURANT,NAF NAF GRILL,200 6TH ST S #110,200.0,6TH,ST,S,Minneapolis,55402.0,2019,96,naf naf grill
149,DPSokyzcN-dbZLA96bV0eA,Naf Naf Grill,44.97687,-93.26759,"200 S 6th St, Minneapolis 55402",4.5,71,naf naf grill,RESTAURANT,NAF NAF GRILL,856 WASHINGTON AVE SE,856.0,WASHINGTON,AVE,SE,Minneapolis,55414.0,2019,98,naf naf grill
150,DPSokyzcN-dbZLA96bV0eA,Naf Naf Grill,44.97687,-93.26759,"200 S 6th St, Minneapolis 55402",4.5,71,naf naf grill,RESTAURANT,NAF NAF GRILL,40 7TH ST S #206,40.0,7TH,ST,S,Minneapolis,,2019,96,naf naf grill
151,a978tcYvctKHy-kIAO5X-A,Naf Naf Grill,44.9735178798437,-93.2263078540564,"856 SE Washington Ave, Minneapolis 55414",3.5,35,naf naf grill,RESTAURANT,NAF NAF GRILL,121 8TH ST S,121.0,8TH,ST,S,Minneapolis,55402.0,2019,100,naf naf grill
152,a978tcYvctKHy-kIAO5X-A,Naf Naf Grill,44.9735178798437,-93.2263078540564,"856 SE Washington Ave, Minneapolis 55414",3.5,35,naf naf grill,RESTAURANT,NAF NAF GRILL,200 6TH ST S #110,200.0,6TH,ST,S,Minneapolis,55402.0,2019,96,naf naf grill
153,a978tcYvctKHy-kIAO5X-A,Naf Naf Grill,44.9735178798437,-93.2263078540564,"856 SE Washington Ave, Minneapolis 55414",3.5,35,naf naf grill,RESTAURANT,NAF NAF GRILL,856 WASHINGTON AVE SE,856.0,WASHINGTON,AVE,SE,Minneapolis,55414.0,2019,98,naf naf grill
154,a978tcYvctKHy-kIAO5X-A,Naf Naf Grill,44.9735178798437,-93.2263078540564,"856 SE Washington Ave, Minneapolis 55414",3.5,35,naf naf grill,RESTAURANT,NAF NAF GRILL,40 7TH ST S #206,40.0,7TH,ST,S,Minneapolis,,2019,96,naf naf grill
155,bKFjnfkTtg2a7Tk-_GNQvw,Naf Naf Grill,44.9750484,-93.2713271,"121 S 8th St, Minneapolis 55402",4.5,8,naf naf grill,RESTAURANT,NAF NAF GRILL,121 8TH ST S,121.0,8TH,ST,S,Minneapolis,55402.0,2019,100,naf naf grill
156,bKFjnfkTtg2a7Tk-_GNQvw,Naf Naf Grill,44.9750484,-93.2713271,"121 S 8th St, Minneapolis 55402",4.5,8,naf naf grill,RESTAURANT,NAF NAF GRILL,200 6TH ST S #110,200.0,6TH,ST,S,Minneapolis,55402.0,2019,96,naf naf grill
157,bKFjnfkTtg2a7Tk-_GNQvw,Naf Naf Grill,44.9750484,-93.2713271,"121 S 8th St, Minneapolis 55402",4.5,8,naf naf grill,RESTAURANT,NAF NAF GRILL,856 WASHINGTON AVE SE,856.0,WASHINGTON,AVE,SE,Minneapolis,55414.0,2019,98,naf naf grill
158,bKFjnfkTtg2a7Tk-_GNQvw,Naf Naf Grill,44.9750484,-93.2713271,"121 S 8th St, Minneapolis 55402",4.5,8,naf naf grill,RESTAURANT,NAF NAF GRILL,40 7TH ST S #206,40.0,7TH,ST,S,Minneapolis,,2019,96,naf naf grill
159,hATyVlkAKFKGaO9OKJNNTw,Eli's East Food & Cocktails,44.9912757873535,-93.2475662231445,"815 E Hennepin Ave, Minneapolis 55414",4.0,172,eli's east food & cocktails,RESTAURANT,ELI'S EAST FOOD & COCKTAILS,815 HENNEPIN AVE E,815.0,HENNEPIN,AVE,E,Minneapolis,55414.0,2019,98,eli's east food & cocktails
160,O1ZV_h_CSbJpW4RLkyuiWQ,HopCat,44.97889,-93.270285,"435 Nicollet Mall, Minneapolis 55401",4.0,182,hopcat,RESTAURANT,HOPCAT,435 NICOLLET MALL,435.0,NICOLLET MALL,,,Minneapolis,55401.0,2019,94,hopcat
161,ZZoFazd6FW85wty6uAhDCQ,La Fresca,44.9163489289451,-93.2846475765109,"4750 Grand Ave S, Minneapolis 55419",4.0,111,la fresca,RESTAURANT,LA FRESCA,4750 GRAND AVE S,4750.0,GRAND,AVE,S,Minneapolis,55419.0,2019,96,la fresca
162,0qqBMtyKuFXR_zB4jO0SLg,Bardo,44.9877529673846,-93.2565437945617,"222 E Hennepin Ave, Minneapolis 55414",4.5,89,bardo,RESTAURANT,BARDO,222 HENNEPIN AVE E,222.0,HENNEPIN,AVE,E,Minneapolis,55414.0,2019,94,bardo
163,T6g29ne5j7JjgUewL1ZN-w,Burger Jones,44.9487520408032,-93.3198065102753,"3200 W Lake St, Minneapolis 55416",3.5,377,burger jones,RESTAURANT,BURGER JONES,3200 LAKE ST W,3200.0,LAKE,ST,W,Minneapolis,55416.0,2018,96,burger jones
164,MTJgB3lWHn4lPwkUbBPzGQ,My Burger,44.9465243913468,-93.3222203306711,"3100 Excelsior Blvd, Minneapolis 55416",4.0,146,my burger,RESTAURANT,MY BURGER,3100 EXCELSIOR BLVD,3100.0,EXCELSIOR,BLVD,,Minneapolis,55416.0,2019,100,my burger
165,MTJgB3lWHn4lPwkUbBPzGQ,My Burger,44.9465243913468,-93.3222203306711,"3100 Excelsior Blvd, Minneapolis 55416",4.0,146,my burger,FOOD TRUCK,MY BURGER,213 OAK ST SE,213.0,OAK,ST,SE,Minneapolis,55414.0,2019,96,my burger
166,MTJgB3lWHn4lPwkUbBPzGQ,My Burger,44.9465243913468,-93.3222203306711,"3100 Excelsior Blvd, Minneapolis 55416",4.0,146,my burger,RESTAURANT,MY BURGER,601 MARQUETTE AVE #206,601.0,MARQUETTE,AVE,,Minneapolis,55402.0,2019,94,my burger
167,UvY-UyrEUjUkunyrNWtzdQ,My Burger,44.974491,-93.226968,"213 SE Oak St, Minneapolis 55414",4.0,60,my burger,RESTAURANT,MY BURGER,3100 EXCELSIOR BLVD,3100.0,EXCELSIOR,BLVD,,Minneapolis,55416.0,2019,100,my burger
168,UvY-UyrEUjUkunyrNWtzdQ,My Burger,44.974491,-93.226968,"213 SE Oak St, Minneapolis 55414",4.0,60,my burger,FOOD TRUCK,MY BURGER,213 OAK ST SE,213.0,OAK,ST,SE,Minneapolis,55414.0,2019,96,my burger
169,UvY-UyrEUjUkunyrNWtzdQ,My Burger,44.974491,-93.226968,"213 SE Oak St, Minneapolis 55414",4.0,60,my burger,RESTAURANT,MY BURGER,601 MARQUETTE AVE #206,601.0,MARQUETTE,AVE,,Minneapolis,55402.0,2019,94,my burger
170,HQ779OfRZ_n2yjLBjTvyLg,My Burger,44.883644,-93.286044,"6555 Lyndale Ave S, Richfield 55423",4.5,83,my burger,RESTAURANT,MY BURGER,3100 EXCELSIOR BLVD,3100.0,EXCELSIOR,BLVD,,Minneapolis,55416.0,2019,100,my burger
171,HQ779OfRZ_n2yjLBjTvyLg,My Burger,44.883644,-93.286044,"6555 Lyndale Ave S, Richfield 55423",4.5,83,my burger,FOOD TRUCK,MY BURGER,213 OAK ST SE,213.0,OAK,ST,SE,Minneapolis,55414.0,2019,96,my burger
172,HQ779OfRZ_n2yjLBjTvyLg,My Burger,44.883644,-93.286044,"6555 Lyndale Ave S, Richfield 55423",4.5,83,my burger,RESTAURANT,MY BURGER,601 MARQUETTE AVE #206,601.0,MARQUETTE,AVE,,Minneapolis,55402.0,2019,94,my burger
173,CAcpLk94r75eCfB1mu6kUw,My Burger,44.97688301,-93.27002734,"601 Marquette Ave, Minneapolis 55402",3.5,42,my burger,RESTAURANT,MY BURGER,3100 EXCELSIOR BLVD,3100.0,EXCELSIOR,BLVD,,Minneapolis,55416.0,2019,100,my burger
174,CAcpLk94r75eCfB1mu6kUw,My Burger,44.97688301,-93.27002734,"601 Marquette Ave, Minneapolis 55402",3.5,42,my burger,FOOD TRUCK,MY BURGER,213 OAK ST SE,213.0,OAK,ST,SE,Minneapolis,55414.0,2019,96,my burger
175,CAcpLk94r75eCfB1mu6kUw,My Burger,44.97688301,-93.27002734,"601 Marquette Ave, Minneapolis 55402",3.5,42,my burger,RESTAURANT,MY BURGER,601 MARQUETTE AVE #206,601.0,MARQUETTE,AVE,,Minneapolis,55402.0,2019,94,my burger
176,5yqRr3ffEzc75nsAorCXHQ,Hammer & Sickle,44.9493906,-93.2961911,"1300 Lagoon Ave, Minneapolis 55113",4.0,165,hammer & sickle,RESTAURANT,HAMMER & SICKLE,1300 LAGOON AVE #150,1300.0,LAGOON,AVE,,Minneapolis,55408.0,2018,100,hammer & sickle
177,89QyJPRawF_UrtN7UvLdzw,Dancing Ganesha,44.97427,-93.27892,"1100 Harmon Pl, Minneapolis 55403",3.5,313,dancing ganesha,RESTAURANT,DANCING GANESHA,1100 HARMON PL,1100.0,HARMON,PL,,Minneapolis,55403.0,2019,92,dancing ganesha
178,s2_85fNl25puWOQhVq4pFQ,Coalition Restaurant,44.91284,-93.32811,"3808 W 50th St, Minneapolis 55410",4.0,135,coalition restaurant,RESTAURANT,COALITION RESTAURANT,3808 50TH ST W,3808.0,50TH,ST,W,Minneapolis,55410.0,2019,100,coalition restaurant
179,N1k9rwt9ATED2ZFE7j_afg,Korea Restaurant,44.97427,-93.22675,"211 Oak St SE, Minneapolis 55414",4.0,163,korea restaurant,RESTAURANT,KOREA RESTAURANT,211 OAK ST SE,211.0,OAK,ST,SE,Minneapolis,55414.0,2019,96,korea restaurant
180,Fg_UQIKzN1qCaOobvZpsRg,Carma Coffee,45.0130399,-93.25951,"520 Lowry Ave NE, Minneapolis 55418",4.5,51,carma coffee,RESTAURANT,CARMA COFFEE,514 LOWRY AVE NE,514.0,LOWRY,AVE,NE,Minneapolis,55418.0,2019,96,carma coffee
181,YU-m4roZJo6srfCQ1XELxw,Sidewalk Kitchen,44.9738136,-93.2263274,"817 Washington Ave SE, Minneapolis 55414",4.0,102,sidewalk kitchen,RESTAURANT,SIDEWALK KITCHEN,817 WASHINGTON AVE SE,817.0,WASHINGTON,AVE,SE,Minneapolis,55414.0,2019,92,sidewalk kitchen
182,rD9XJqH1q9Sbz5qNfCdhWQ,First Draft Taproom & Kitchen,44.985422,-93.2781,"324 N 6th Ave, Minneapolis 55411",4.5,69,first draft taproom & kitchen,RESTAURANT,FIRST DRAFT TAPROOM & KITCHEN,324 6TH AVE N,324.0,6TH,AVE,N,Minneapolis,55401.0,2019,82,first draft taproom & kitchen
183,xc50JRxUVDGUdP1AAtBfcQ,Dominguez Family Restaurant,44.9123115539551,-93.2235946655273,"3313 E 50th St, Minneapolis 55417",4.0,163,dominguez family restaurant,RESTAURANT,DOMINGUEZ FAMILY RESTAURANT,3313 50TH ST E,3313.0,50TH,ST,E,Minneapolis,55417.0,2019,98,dominguez family restaurant
184,nbONgfvBbzDVJ0zp_CjiNg,La Loma Tamales,44.9484849,-93.2610135,"920 E Lake St, Minneapolis 55407",4.5,73,la loma tamales,RESTAURANT,LA LOMA TAMALES,920 LAKE ST E #160,920.0,LAKE,ST,E,Minneapolis,55407.0,2019,100,la loma tamales
185,nbONgfvBbzDVJ0zp_CjiNg,La Loma Tamales,44.9484849,-93.2610135,"920 E Lake St, Minneapolis 55407",4.5,73,la loma tamales,RESTAURANT,LA LOMA TAMALES,608 2ND AVE S #164,608.0,2ND,AVE,S,Minneapolis,55402.0,2019,100,la loma tamales
186,BOLyATq1nBMwwmNNp0vNTw,La Loma Tamales,44.9766006469727,-93.2694091796875,"608 2nd Ave S, Minneapolis 55402",4.0,67,la loma tamales,RESTAURANT,LA LOMA TAMALES,920 LAKE ST E #160,920.0,LAKE,ST,E,Minneapolis,55407.0,2019,100,la loma tamales
187,BOLyATq1nBMwwmNNp0vNTw,La Loma Tamales,44.9766006469727,-93.2694091796875,"608 2nd Ave S, Minneapolis 55402",4.0,67,la loma tamales,RESTAURANT,LA LOMA TAMALES,608 2ND AVE S #164,608.0,2ND,AVE,S,Minneapolis,55402.0,2019,100,la loma tamales
188,N4pwYvAr4yqsdIgnevS7kA,The Bad Waitress,44.955688932504,-93.277689238804,"2 E 26th St, Minneapolis 55404",3.0,381,the bad waitress,RESTAURANT,THE BAD WAITRESS,700 CENTRAL AVE NE,700.0,CENTRAL,AVE,NE,Minneapolis,55414.0,2019,96,the bad waitress
189,FjrqgC4T_pL487lT4XRhag,The Bad Waitress,44.990787,-93.251279,"700 Central Ave NE, Minneapolis 55414",2.5,152,the bad waitress,RESTAURANT,THE BAD WAITRESS,700 CENTRAL AVE NE,700.0,CENTRAL,AVE,NE,Minneapolis,55414.0,2019,96,the bad waitress
190,FlF0_Ied8DmcHVGfX9kBmQ,Szechuan Spice,44.94766,-93.28861,"3016 Lyndale Ave S, Minneapolis 55408",3.5,186,szechuan spice,RESTAURANT,SZECHUAN SPICE,3016 LYNDALE AVE S,3016.0,LYNDALE,AVE,S,Minneapolis,55408.0,2019,100,szechuan spice
191,eqNz5LexgiI-ZTI2VRjgRQ,Peppers & Fries,44.94863,-93.21618,"3900 E Lake St, Minneapolis 55406",4.0,152,peppers & fries,RESTAURANT,PEPPERS & FRIES,3900 LAKE ST E,3900.0,LAKE,ST,E,Minneapolis,55406.0,2018,100,peppers & fries
192,2aLcZwHKRDZ8o1oWfQVImg,Tinto Kitchen,44.91255,-93.30833,"4959 Penn Ave S, Minneapolis 55419",4.0,168,tinto kitchen,RESTAURANT,TINTO KITCHEN,4959 PENN AVE S,4959.0,PENN,AVE,S,Minneapolis,55419.0,2019,96,tinto kitchen
193,MYw9rgZa2QDN6m8-24CVyQ,Uncle Franky's,44.9985084533691,-93.2514114379883,"728 Broadway St NE, Minneapolis 55413",4.0,153,uncle franky's,RESTAURANT,UNCLE FRANKY'S,728 BROADWAY ST NE,728.0,BROADWAY,ST,NE,Minneapolis,55413.0,2019,94,uncle franky's
194,pI3tkzbG7vdOwAD7NcGjXA,Abi's Cafe,44.94865,-93.25215,"1532 E Lake St, Minneapolis 55407",4.5,43,abi's cafe,RESTAURANT,ABI'S CAFE,1532 LAKE ST E,1532.0,LAKE,ST,E,Minneapolis,55407.0,2019,100,abi's cafe
195,Pea3trq5xAkGDiGGc7LodQ,JUN,44.98873,-93.27772,"730 N Washington Ave, Minneapolis 55401",3.5,201,jun,RESTAURANT,JUN,730 WASHINGTON AVE N #140,730.0,WASHINGTON,AVE,N,Minneapolis,,2019,98,jun
196,Kkur-UQSGEomm7pW4qi-0g,Q fanatic BBQ,44.89396,-93.27773,"6009 Nicollet Ave, Minneapolis 55419",4.0,122,q fanatic bbq,RESTAURANT,Q FANATIC BBQ,6009 NICOLLET AVE,6009.0,NICOLLET,AVE,,Minneapolis,55419.0,2019,92,q fanatic bbq
197,NYVqa0arRssFjM02Bdr_Bg,Simpls,44.97683,-93.26995,"601 Marquette Ave, Minneapolis 55402",4.5,44,simpls,RESTAURANT,SIMPLS,601 MARQUETTE AVE #210,601.0,MARQUETTE,AVE,,Minneapolis,55402.0,2019,100,simpls
198,NYVqa0arRssFjM02Bdr_Bg,Simpls,44.97683,-93.26995,"601 Marquette Ave, Minneapolis 55402",4.5,44,simpls,RESTAURANT,SIMPLS,950 NICOLLET MALL #205,950.0,NICOLLET MALL,,,Minneapolis,,2019,96,simpls
199,NYVqa0arRssFjM02Bdr_Bg,Simpls,44.97683,-93.26995,"601 Marquette Ave, Minneapolis 55402",4.5,44,simpls,RESTAURANT,SIMPLS,712 WASHINGTON AVE SE,712.0,WASHINGTON,AVE,SE,Minneapolis,55414.0,2019,100,simpls
200,lYlS2TD0sleYjTQ6y-7N1Q,Simpls,44.9745891,-93.2744389,"950 Nicollet Mall, Minneapolis 55403",5.0,9,simpls,RESTAURANT,SIMPLS,601 MARQUETTE AVE #210,601.0,MARQUETTE,AVE,,Minneapolis,55402.0,2019,100,simpls
201,lYlS2TD0sleYjTQ6y-7N1Q,Simpls,44.9745891,-93.2744389,"950 Nicollet Mall, Minneapolis 55403",5.0,9,simpls,RESTAURANT,SIMPLS,950 NICOLLET MALL #205,950.0,NICOLLET MALL,,,Minneapolis,,2019,96,simpls
202,lYlS2TD0sleYjTQ6y-7N1Q,Simpls,44.9745891,-93.2744389,"950 Nicollet Mall, Minneapolis 55403",5.0,9,simpls,RESTAURANT,SIMPLS,712 WASHINGTON AVE SE,712.0,WASHINGTON,AVE,SE,Minneapolis,55414.0,2019,100,simpls
203,YvdIU29YbeelqboUFqkLpw,Safari Restaurant,44.94786,-93.27066,"3010 4th Ave S, Minneapolis 55408",4.5,62,safari restaurant,RESTAURANT,SAFARI RESTAURANT,3010 4TH AVE S,3010.0,4TH,AVE,S,Minneapolis,55408.0,2019,82,safari restaurant
204,beoKbDf8BcXrHAY7Rdkctg,Sammy's Avenue Eatery,44.998876,-93.294335,"1101 W Broadway Ave, Minneapolis 55411",4.5,45,sammy's avenue eatery,RESTAURANT,SAMMY'S AVENUE EATERY,3301 CENTRAL AVE NE,3301.0,CENTRAL,AVE,NE,Minneapolis,55418.0,2019,92,sammy's avenue eatery
205,beoKbDf8BcXrHAY7Rdkctg,Sammy's Avenue Eatery,44.998876,-93.294335,"1101 W Broadway Ave, Minneapolis 55411",4.5,45,sammy's avenue eatery,RESTAURANT,SAMMY'S AVENUE EATERY,1101 WEST BROADWAY,1101.0,WEST BROADWAY,,,Minneapolis,55411.0,2018,100,sammy's avenue eatery
206,qb-JjvyijIEyYqWGOMBm8w,Vo's Vietnamese Restaurant,44.939798,-93.288491,"3450 Lyndale Ave S, Minneapolis 55408",4.0,139,vo's vietnamese restaurant,RESTAURANT,VO'S VIETNAMESE RESTAURANT,3450 LYNDALE AVE S,3450.0,LYNDALE,AVE,S,Minneapolis,55408.0,2019,100,vo's vietnamese restaurant
207,qjubYib8lGtDENeOZmWOVA,Hoban Korean BBQ,44.94878,-93.29789,"2939 Hennepin Ave S, Minneapolis 55408",3.5,240,hoban korean bbq,RESTAURANT,HOBAN KOREAN BBQ,2939 HENNEPIN AVE,2939.0,HENNEPIN,AVE,,Minneapolis,55408.0,2019,100,hoban korean bbq
208,dwGRCpN9CLr7QIkZenhoog,Bacon Social House,44.97685,-93.25892,"700 S 3rd St, Minneapolis 55415",4.0,94,bacon social house,RESTAURANT,BACON SOCIAL HOUSE,700 3RD ST S,700.0,3RD,ST,S,Minneapolis,55415.0,2019,100,bacon social house
209,XF_o4SpUHE7hSNa9uPZICw,Fish Bowl Poke,44.985067,-93.277597,"520 N 4th St, Minneapolis 55401",4.5,68,fish bowl poke,RESTAURANT,FISH BOWL POKE,5 34TH ST W,5.0,34TH,ST,W,Minneapolis,55408.0,2019,100,fish bowl poke
210,XF_o4SpUHE7hSNa9uPZICw,Fish Bowl Poke,44.985067,-93.277597,"520 N 4th St, Minneapolis 55401",4.5,68,fish bowl poke,RESTAURANT,FISH BOWL POKE,520 4TH ST N #102,520.0,4TH,ST,N,Minneapolis,55401.0,2020,88,fish bowl poke
211,VvLNLOAwSIqigv8pSppYhg,Gasthof Zur Gemutlichkeit,45.01144,-93.26348,"2300 University Ave NE, Minneapolis 55418",3.5,185,gasthof zur gemutlichkeit,RESTAURANT,GASTHOF ZUR GEMUTLICHKEIT,2300 UNIVERSITY AVE NE,2300.0,UNIVERSITY,AVE,NE,Minneapolis,55418.0,2018,100,gasthof zur gemutlichkeit
212,fv-rB9-4wsaQ185SIl5dvA,Kowloon Restaurant,44.9737749910049,-93.2244259296452,"935 Washington Ave SE, Minneapolis 55414",4.0,127,kowloon restaurant,RESTAURANT,KOWLOON RESTAURANT,935 WASHINGTON AVE SE,935.0,WASHINGTON,AVE,SE,Minneapolis,55414.0,2019,94,kowloon restaurant
213,Fdlpl4o385Xx0aAUOPR7WA,Mucci's,44.948185,-93.290925,"901 W Lake St, Minneapolis 55408",4.5,54,mucci's,RESTAURANT,MUCCI'S,901 LAKE ST W,901.0,LAKE,ST,W,Minneapolis,55408.0,2019,92,mucci's
214,l8Vyidue1YbCmUyeYxykJg,Lush,44.9953866,-93.2476147,"990 Central Ave NE, Minneapolis 55413",3.5,158,lush,RESTAURANT,LUSH,990 CENTRAL AVE NE,990.0,CENTRAL,AVE,NE,Minneapolis,55413.0,2019,96,lush
215,MGm1jcjQZBfHv-epHOciQQ,All Square,44.92891,-93.2196,"4047 Minnehaha Ave, Minneapolis 55406",4.5,53,all square,RESTAURANT,ALL SQUARE,4047 MINNEHAHA AVE,4047.0,MINNEHAHA,AVE,,Minneapolis,55406.0,2019,92,all square
216,oW3f40TqluWs5F9hNypV8A,Bombay Palace,44.9776794845089,-93.274542283111,"11 S 7th St, Minneapolis 55402",4.0,91,bombay palace,RESTAURANT,BOMBAY PALACE,701 HENNEPIN AVE,701.0,HENNEPIN,AVE,,Minneapolis,55403.0,2019,98,bombay palace
217,VX63vlZNG8IUEmrG8w5kmg,Agra Culture,44.9123751,-93.3269156,"3717 W 50th St, Minneapolis 55410",3.5,246,agra culture,RESTAURANT,AGRA CULTURE,2939 GIRARD AVE S,2939.0,GIRARD,AVE,S,Minneapolis,55408.0,2019,96,agra culture
218,VX63vlZNG8IUEmrG8w5kmg,Agra Culture,44.9123751,-93.3269156,"3717 W 50th St, Minneapolis 55410",3.5,246,agra culture,RESTAURANT,AGRA CULTURE,2400 3RD AVE S,2400.0,3RD,AVE,S,Minneapolis,55404.0,2018,92,agra culture
219,VX63vlZNG8IUEmrG8w5kmg,Agra Culture,44.9123751,-93.3269156,"3717 W 50th St, Minneapolis 55410",3.5,246,agra culture,RESTAURANT,AGRA CULTURE,3717 50TH ST W,3717.0,50TH,ST,W,Minneapolis,55410.0,2019,98,agra culture
220,VshVrQ2HmT5kvwA7gmwVcA,Agra Culture,44.9488622,-93.2968751,"2939 Girard Ave S, Minneapolis 55408",3.0,36,agra culture,RESTAURANT,AGRA CULTURE,2939 GIRARD AVE S,2939.0,GIRARD,AVE,S,Minneapolis,55408.0,2019,96,agra culture
221,VshVrQ2HmT5kvwA7gmwVcA,Agra Culture,44.9488622,-93.2968751,"2939 Girard Ave S, Minneapolis 55408",3.0,36,agra culture,RESTAURANT,AGRA CULTURE,2400 3RD AVE S,2400.0,3RD,AVE,S,Minneapolis,55404.0,2018,92,agra culture
222,VshVrQ2HmT5kvwA7gmwVcA,Agra Culture,44.9488622,-93.2968751,"2939 Girard Ave S, Minneapolis 55408",3.0,36,agra culture,RESTAURANT,AGRA CULTURE,3717 50TH ST W,3717.0,50TH,ST,W,Minneapolis,55410.0,2019,98,agra culture
223,1-ii5w8gYy6oQR_RjaTfdQ,Lowry Hill Meats,44.96301,-93.29152,"1934 Hennepin Ave, Minneapolis 55403",4.0,58,lowry hill meats,MEAT MARKET,LOWRY HILL MEATS,1934 HENNEPIN AVE #102,1934.0,HENNEPIN,AVE,,Minneapolis,55403.0,2019,100,lowry hill meats
224,zH1oBRUeHvMkWqTHRyTsvA,Xin Wong,44.9163,-93.27758,"4749 Nicollet Ave S, Minneapolis 55419",4.0,113,xin wong,RESTAURANT,XIN WONG,4749 NICOLLET AVE,4749.0,NICOLLET,AVE,,Minneapolis,55419.0,2019,100,xin wong
225,CcnIJhp8T1s18EiiOc3q4w,Naviya's Thai Brasserie,44.9247618,-93.3150145,"2812 W 43rd St, Minneapolis 55410",3.5,166,naviya's thai brasserie,RESTAURANT,NAVIYA'S THAI BRASSERIE,2812 43RD ST W,2812.0,43RD,ST,W,Minneapolis,55410.0,2018,100,naviya's thai brasserie
226,34MfK_IGLKnDju2cyRWUhw,A Slice of New York,44.9589542099465,-93.2777589606123,"2407 Nicollet Ave, Minneapolis 55404",4.0,116,a slice of new york,RESTAURANT,A SLICE OF NEW YORK,2407 NICOLLET AVE,2407.0,NICOLLET,AVE,,Minneapolis,55404.0,2019,98,a slice of new york
227,JBeHhSwmqLbE_IFi6wBBzw,Trio Plant-based,44.9483994251992,-93.2871023728022,"610 W Lake St, Minneapolis 55408",4.0,108,trio plant-based,RESTAURANT,TRIO PLANT-BASED,610 LAKE ST W,610.0,LAKE,ST,W,Minneapolis,55408.0,2019,72,trio plant-based
228,S3MP4keJWfEjK2PX52Mx7A,Tibet Kitchen Bar & Restaurant,44.964241,-93.2775192,"1833 Nicollet Ave S, Minneapolis 55403",3.5,128,tibet kitchen bar & restaurant,RESTAURANT,TIBET KITCHEN BAR & RESTAURANT,1833 NICOLLET AVE,1833.0,NICOLLET,AVE,,Minneapolis,55403.0,2019,100,tibet kitchen bar & restaurant
229,PHy5DdQoOMTxu4sv51UbhQ,Ted Cook's 19th Hole BBQ,44.9342346191406,-93.2313690185547,"2814 E 38th St, Minneapolis 55406",4.0,132,ted cook's 19th hole bbq,RESTAURANT,TED COOK'S 19TH HOLE BBQ,2814 38TH ST E,2814.0,38TH,ST,E,Minneapolis,55406.0,2019,100,ted cook's 19th hole bbq
230,AcBpqjNxzxOcEJraH9XK5A,The Howe Daily Kitchen & Bar,44.936,-93.224716,"3675 Minnehaha Ave S, Minneapolis 55406",3.5,217,the howe daily kitchen & bar,RESTAURANT,THE HOWE DAILY KITCHEN & BAR,3675 MINNEHAHA AVE,3675.0,MINNEHAHA,AVE,,Minneapolis,55406.0,2019,94,the howe daily kitchen & bar
231,yl5aHpf3167UUVBZNIjSBQ,Gigi's Cafe,44.9378622987945,-93.2904368548543,"824 W 36th St, Minneapolis 55408",3.5,150,gigi's cafe,RESTAURANT,GIGI'S CAFE,824 36TH ST W,824.0,36TH,ST,W,Minneapolis,55408.0,2019,98,gigi's cafe
232,XGXI1C69atE2FSydofakAw,Sip Coffeebar,44.9991149902344,-93.2717056274414,"34 13th Ave NE, Minneapolis 55413",4.0,69,sip coffeebar,RESTAURANT,SIP COFFEEBAR,34 13TH AVE NE #101,34.0,13TH,AVE,NE,Minneapolis,55413.0,2019,98,sip coffeebar
233,0QnzFl4ZqWKottbnjXFjJg,Red Dragon,44.96117,-93.28843,"2116 Lyndale Ave S, Minneapolis 55405",3.5,140,red dragon,RESTAURANT,RED DRAGON,2116 LYNDALE AVE S,2116.0,LYNDALE,AVE,S,Minneapolis,55405.0,2020,98,red dragon
234,A0fmKkiSVDxmb0tuKE61hg,Arezzo Ristorante,44.9108599321842,-93.3288833588047,"5057 France Ave S, Minneapolis 55410",3.5,141,arezzo ristorante,RESTAURANT,AREZZO RISTORANTE,5057 FRANCE AVE S,5057.0,FRANCE,AVE,S,Minneapolis,55410.0,2018,100,arezzo ristorante
235,Ff6_8vLWtPcQNVCWU84YRA,Grumpy's Bar,45.01016,-93.26191,"2200 4th St NE, Minneapolis 55418",4.5,63,grumpy's bar,RESTAURANT,GRUMPY'S BAR,2200 4TH ST NE,2200.0,4TH,ST,NE,Minneapolis,55418.0,2018,94,grumpy's bar
236,rOkQe_PZfpi9qCC9W9DZtQ,SotaRol,44.9122448,-93.3273972,"5005 Ewing Ave S, Minneapolis 55410",3.5,149,sotarol,RESTAURANT,SOTAROL,5005 EWING AVE S,5005.0,EWING,AVE,S,Minneapolis,55410.0,2018,96,sotarol
237,rOkQe_PZfpi9qCC9W9DZtQ,SotaRol,44.9122448,-93.3273972,"5005 Ewing Ave S, Minneapolis 55410",3.5,149,sotarol,RESTAURANT,SOTAROL,309 OAK ST SE,309.0,OAK,ST,SE,Minneapolis,55414.0,2019,100,sotarol
238,pdoKdMJe20wU5BSx_v4e2w,SotaRol,44.9488321871488,-93.296850786015,"2935 Girard Ave S, Minneapolis 55408",3.5,27,sotarol,RESTAURANT,SOTAROL,5005 EWING AVE S,5005.0,EWING,AVE,S,Minneapolis,55410.0,2018,96,sotarol
239,pdoKdMJe20wU5BSx_v4e2w,SotaRol,44.9488321871488,-93.296850786015,"2935 Girard Ave S, Minneapolis 55408",3.5,27,sotarol,RESTAURANT,SOTAROL,309 OAK ST SE,309.0,OAK,ST,SE,Minneapolis,55414.0,2019,100,sotarol
240,E_ih_-ueveTLlyXZVKk2Qg,SotaRol,44.973136,-93.226737,"309 SE Oak St, Minneapolis 55414",3.0,43,sotarol,RESTAURANT,SOTAROL,5005 EWING AVE S,5005.0,EWING,AVE,S,Minneapolis,55410.0,2018,96,sotarol
241,E_ih_-ueveTLlyXZVKk2Qg,SotaRol,44.973136,-93.226737,"309 SE Oak St, Minneapolis 55414",3.0,43,sotarol,RESTAURANT,SOTAROL,309 OAK ST SE,309.0,OAK,ST,SE,Minneapolis,55414.0,2019,100,sotarol
242,fq9jC-Jl55VySyZ66-nN1A,Rusty Taco,44.9892375094369,-93.2524016661412,"522 East Hennepin Ave, Minneapolis 55414",3.5,182,rusty taco,FOOD TRUCK,RUSTY TACO,522 HENNEPIN AVE E,522.0,HENNEPIN,AVE,E,Minneapolis,55414.0,2019,94,rusty taco
243,FQQYzymXakKBmea-1zQAVw,Tap Society,44.91976,-93.28407,"4555 Grand Ave S, Minneapolis 55419",4.0,71,tap society,RESTAURANT,TAP SOCIETY,4555 GRAND AVE S,4555.0,GRAND,AVE,S,Minneapolis,55419.0,2019,94,tap society
244,yuHTZ-cj842gPb-ZSVYdBg,Code Blu Coffee,44.9628949,-93.2336192,"2620 E Franklin Ave, Minneapolis 55406",4.5,39,code blu coffee,RESTAURANT,CODE BLU COFFEE,2620 FRANKLIN AVE E,2620.0,FRANKLIN,AVE,E,Minneapolis,55406.0,2019,100,code blu coffee
245,vA4Tlku2H_eSDyBP0kk9dQ,Cocina Latina,44.93442,-93.27824,"3764 Nicollet Ave, Minneapolis 55409",4.0,83,cocina latina,RESTAURANT,COCINA LATINA,3764 NICOLLET AVE,3764.0,NICOLLET,AVE,,Minneapolis,55409.0,2018,100,cocina latina
246,cmouyztGR94WdpwpIBap2Q,Hamburguesas El Gordo,44.92712,-93.24694,"4157 Cedar Ave S, Minneapolis 55407",3.5,114,hamburguesas el gordo,RESTAURANT,HAMBURGUESAS EL GORDO,4157 CEDAR AVE S,4157.0,CEDAR,AVE,S,Minneapolis,55407.0,2019,94,hamburguesas el gordo
247,RBn8gu7e1JoXjLpFjG3EhA,Morrissey's Irish Pub,44.9482748,-93.2914334,"913 W Lake St, Minneapolis 55408",4.0,108,morrissey's irish pub,RESTAURANT,MORRISSEY'S IRISH PUB,913 LAKE ST W,913.0,LAKE,ST,W,Minneapolis,55408.0,2019,98,morrissey's irish pub
248,xvXWDQWCJSIbvVmJN47NTw,The Bungalow Club,44.9486951565831,-93.2112926892329,"4300 E Lake St, Minneapolis 55406",4.5,48,the bungalow club,RESTAURANT,THE BUNGALOW CLUB,4300 LAKE ST E,4300.0,LAKE,ST,E,Minneapolis,55406.0,2018,96,the bungalow club
249,x9v31m0RnYVBHpQCOASWMg,Segue Coffee,44.9693757788061,-93.2581102929488,"811 11th Ave S, Minneapolis 55404",4.5,34,segue coffee,RESTAURANT,SEGUE COFFEE,811 11TH AVE S,811.0,11TH,AVE,S,Minneapolis,55404.0,2019,96,segue coffee
250,2KrwiBR-ib2tSPnaGLXkMA,Soho Cafe,44.95612,-93.29691,"2532 Hennepin Ave, Minneapolis 55405",4.0,78,soho cafe,RESTAURANT,SOHO CAFE,2532 HENNEPIN AVE,2532.0,HENNEPIN,AVE,,Minneapolis,55405.0,2019,94,soho cafe
251,b8lOfh4yvdegup2CBPBsJw,La Mesa,44.97485,-93.30674,"230 Cedar Lake Rd S, Minneapolis 55405",4.5,45,la mesa,RESTAURANT,LA MESA,230 CEDAR LAKE RD S,230.0,CEDAR LAKE,RD,S,Minneapolis,55405.0,2019,100,la mesa
252,DrFXRkJaI0YhKLCe0smZkA,Scott Ja-Mamas,44.903856,-93.2783187,"3 W Diamond Lake Rd, Minneapolis 55419",4.5,57,scott ja-mamas,RESTAURANT,SCOTT JA-MAMAS,3 DIAMOND LAKE RD W,3.0,DIAMOND LAKE,RD,W,Minneapolis,55419.0,2019,92,scott ja-mamas
253,SqGntSCwD3Q3PIVut_ZhDA,Popol Vuh,45.0027337,-93.2514153,"1414 Quincy St NE, Minneapolis 55413",4.5,40,popol vuh,RESTAURANT,POPOL VUH,1414 QUINCY ST NE,1414.0,QUINCY,ST,NE,Minneapolis,55413.0,2018,92,popol vuh
254,HBJdSsbf_GGFtt0D-rX4bg,Amore Uptown,44.94808,-93.30247,"1601 W Lake St, Minneapolis 55408",3.5,144,amore uptown,RESTAURANT,AMORE UPTOWN,1601 LAKE ST W,1601.0,LAKE,ST,W,Minneapolis,55408.0,2018,98,amore uptown
255,DZH-JCDOoZcf9G8n5KHpXA,Town Hall Lanes,44.911892,-93.222458,"5019 34th Ave S, Minneapolis 55417",3.5,114,town hall lanes,RESTAURANT,TOWN HALL LANES,5019 34TH AVE S,5019.0,34TH,AVE,S,Minneapolis,55417.0,2019,94,town hall lanes
256,I2X0Tdq9MzrJCdcMEfgnig,Dan Kelly's Pub,44.9756542593241,-93.269205763936,"212 S 7th St, Minneapolis 55402",4.0,82,dan kelly's pub,RESTAURANT,DAN KELLY'S PUB,212 7TH ST S,212.0,7TH,ST,S,Minneapolis,55402.0,2019,94,dan kelly's pub
257,nVJoUi1HRoFh1XyVHw1zRQ,Pad Ga Pow,44.9763031005859,-93.2744216918945,"811 LaSalle Ave, Minneapolis 55402",4.0,65,pad ga pow,RESTAURANT,PAD GA POW,811 LASALLE AVE #207,811.0,LASALLE,AVE,,Minneapolis,55402.0,2019,100,pad ga pow
258,umf9jGY6meGF15UDiR2oMA,Monte Carlo,44.98472,-93.27174,"219 3rd Ave N, Minneapolis 55401",3.0,233,monte carlo,RESTAURANT,MONTE CARLO,219 3RD AVE N,219.0,3RD,AVE,N,Minneapolis,55401.0,2019,96,monte carlo
259,8uZnSGgCH1eo1r81S_xOOg,Lake Harriet Pizza,44.9119615,-93.308501,"5009 Penn Ave S, Minneapolis 55419",4.0,68,lake harriet pizza,RESTAURANT,LAKE HARRIET PIZZA,5009 PENN AVE S,5009.0,PENN,AVE,S,Minneapolis,55419.0,2019,100,lake harriet pizza
260,B8fyalFXdxkXTh7_kiOrnQ,Tooties On Lowry,45.01344,-93.31495,"2706 Lowry Ave N, Minneapolis 55411",4.0,70,tooties on lowry,RESTAURANT,TOOTIES ON LOWRY,2706 LOWRY AVE N,2706.0,LOWRY,AVE,N,Minneapolis,55411.0,2019,94,tooties on lowry
261,EyJXDvOWyFxFJMhPwNyyfw,Sprout Salad Company,44.9781382,-93.2709224,"555 Nicollet Mall, Minneapolis 55402",4.0,56,sprout salad company,RESTAURANT,SPROUT SALAD COMPANY,555 NICOLLET MALL #295,555.0,NICOLLET MALL,,,Minneapolis,55402.0,2019,100,sprout salad company
262,EyJXDvOWyFxFJMhPwNyyfw,Sprout Salad Company,44.9781382,-93.2709224,"555 Nicollet Mall, Minneapolis 55402",4.0,56,sprout salad company,RESTAURANT,SPROUT SALAD COMPANY,309 HURON BLVD SE,309.0,HURON,BLVD,SE,Minneapolis,55414.0,2020,96,sprout salad company
263,KKI62PDF_mdJ-aFZDvGuCQ,Sprout Salad Company,44.972951,-93.223157,"309 Huron Blvd SE, Minneapolis 55414",4.0,51,sprout salad company,RESTAURANT,SPROUT SALAD COMPANY,555 NICOLLET MALL #295,555.0,NICOLLET MALL,,,Minneapolis,55402.0,2019,100,sprout salad company
264,KKI62PDF_mdJ-aFZDvGuCQ,Sprout Salad Company,44.972951,-93.223157,"309 Huron Blvd SE, Minneapolis 55414",4.0,51,sprout salad company,RESTAURANT,SPROUT SALAD COMPANY,309 HURON BLVD SE,309.0,HURON,BLVD,SE,Minneapolis,55414.0,2020,96,sprout salad company
265,B3I8gIURhsS4mKG_HVPcXg,Burrigato,44.979429,-93.234585,"314 15th Ave SE, Minneapolis 55414",4.0,53,burrigato,RESTAURANT,BURRIGATO,314 15TH AVE SE,314.0,15TH,AVE,SE,Minneapolis,55414.0,2018,96,burrigato
266,zU3KzPc19b7NuLgworja5g,McKinney Roe,44.9769606545093,-93.2625874131918,"530 S 4th St, Minneapolis 55415",3.5,110,mckinney roe,RESTAURANT,MCKINNEY ROE,530 4TH ST S #TRACT B,530.0,4TH,ST,S,Minneapolis,55415.0,2019,92,mckinney roe
267,6FrCprKhDWJCHu97209G_w,Legendary Spice,44.97237,-93.22304,"317 SE Huron Blvd, Minneapolis 55414",3.5,138,legendary spice,RESTAURANT,LEGENDARY SPICE,317 HURON BLVD SE,317.0,HURON,BLVD,SE,Minneapolis,55414.0,2019,84,legendary spice
268,kfqVni2b3GGq3g0a-_Dhjg,Holy Land Midtown,44.948894,-93.260942,"920 E Lake St, Minneapolis 55407",3.5,81,holy land midtown,MEAT MARKET,HOLY LAND MIDTOWN,920 LAKE ST E #145,920.0,LAKE,ST,E,Minneapolis,55407.0,2019,94,holy land midtown
269,hzkSLMts20FtN2E56tp_UQ,Andrea Pizza,44.9758720397949,-93.2744674682617,"811 Lasalle Ave, Minneapolis 55402",4.0,51,andrea pizza,RESTAURANT,ANDREA PIZZA,811 LASALLE AVE #SUITE 202,811.0,LASALLE,AVE,,Minneapolis,55402.0,2019,100,andrea pizza
270,hzkSLMts20FtN2E56tp_UQ,Andrea Pizza,44.9758720397949,-93.2744674682617,"811 Lasalle Ave, Minneapolis 55402",4.0,51,andrea pizza,RESTAURANT,ANDREA PIZZA,225 6TH ST S #A203,225.0,6TH,ST,S,Minneapolis,55402.0,2019,92,andrea pizza
271,Xawpkbx359DhPJ0p1Bke1w,Andrea Pizza,44.9765281677246,-93.2683868408203,"225 S 6th St, Minneapolis 55402",4.5,14,andrea pizza,RESTAURANT,ANDREA PIZZA,811 LASALLE AVE #SUITE 202,811.0,LASALLE,AVE,,Minneapolis,55402.0,2019,100,andrea pizza
272,Xawpkbx359DhPJ0p1Bke1w,Andrea Pizza,44.9765281677246,-93.2683868408203,"225 S 6th St, Minneapolis 55402",4.5,14,andrea pizza,RESTAURANT,ANDREA PIZZA,225 6TH ST S #A203,225.0,6TH,ST,S,Minneapolis,55402.0,2019,92,andrea pizza
273,h5wRik_Nm-d4WSbXSChGtQ,Marino's Deli,45.00935,-93.23737,"1946 Johnson St NE, Minneapolis 55418",4.0,60,marino's deli,RESTAURANT,MARINO'S DELI,1946 JOHNSON ST NE,1946.0,JOHNSON,ST,NE,Minneapolis,55418.0,2019,98,marino's deli
274,vOtz5Jx_GumbW-bFrvCJIA,Brim,44.948593,-93.304812,"2919 Knox Avenue St, Minneapolis 55408",4.0,48,brim,RESTAURANT,BRIM,2919 KNOX AVE S,2919.0,KNOX,AVE,S,Minneapolis,55408.0,2019,92,brim
275,ai9F5MlFxix6Ua-0IQNT7A,Esker Grove,44.968839142074,-93.2888591340642,"723 Vineland Pl, Minneapolis 55403",3.5,82,esker grove,RESTAURANT,ESKER GROVE,725 VINELAND PL,725.0,VINELAND,PL,,Minneapolis,55403.0,2019,100,esker grove
276,b26xEI9p-EQhWFvq2OVZ1w,Kiku Bistro,44.9512126297474,-93.2981756527642,"2819 Hennepin Ave, Minneapolis 55408",3.0,173,kiku bistro,RESTAURANT,KIKU BISTRO,2819 HENNEPIN AVE,2819.0,HENNEPIN,AVE,,Minneapolis,55408.0,2018,98,kiku bistro
277,Lx9tjknn2wCxY9oGy-SZ2g,Cajun Boiling,44.9628299,-93.27743,"1931 Nicollet Ave, Minneapolis 55403",3.5,89,cajun boiling,RESTAURANT,CAJUN BOILING,1931 NICOLLET AVE,1931.0,NICOLLET,AVE,,Minneapolis,55403.0,2019,96,cajun boiling
278,1zWbDlRoYahh562n-9EdwQ,Dumpling,44.9302024841309,-93.2215805053711,"4004 Minnehaha Ave, Minneapolis 55406",3.5,85,dumpling,RESTAURANT,DUMPLING,4004 MINNEHAHA AVE,4004.0,MINNEHAHA,AVE,,Minneapolis,55406.0,2018,100,dumpling
279,U4NEj0Tr2ySfqmDle0XlBw,Iron Door Pub,44.9481315612793,-93.2877578735352,"3001 Lyndale Ave S, Minneapolis 55408",3.5,93,iron door pub,RESTAURANT,IRON DOOR PUB,3001 LYNDALE AVE S,3001.0,LYNDALE,AVE,S,Minneapolis,55408.0,2018,94,iron door pub
280,ZWju8u84sscQ8IttHqj16A,Hot Indian Foods,44.9485289,-93.2607688,"920 E Lake St, Minneapolis 55407",3.5,78,hot indian foods,RESTAURANT,HOT INDIAN FOODS,121 8TH ST S #STE 242,121.0,8TH,ST,S,Minneapolis,55402.0,2018,96,hot indian foods
281,ZWju8u84sscQ8IttHqj16A,Hot Indian Foods,44.9485289,-93.2607688,"920 E Lake St, Minneapolis 55407",3.5,78,hot indian foods,FOOD TRUCK,HOT INDIAN FOODS,920 LAKE ST E #124,920.0,LAKE,ST,E,Minneapolis,55407.0,2019,96,hot indian foods
282,pbM1dhUHUn5UrFIYLThd7A,Chatterbox Pub,44.93937,-93.23911,"2229 E 35th St, Minneapolis 55407",3.0,180,chatterbox pub,RESTAURANT,CHATTERBOX PUB,2229 35TH ST E,2229.0,35TH,ST,E,Minneapolis,55407.0,2019,96,chatterbox pub
283,g45polCAN-EZY_P-pWaOdA,The Sheridan Room,45.001066,-93.262707,"337 13th Ave NE, Minneapolis 55413",3.5,77,the sheridan room,RESTAURANT,THE SHERIDAN ROOM,337 13TH AVE NE,337.0,13TH,AVE,NE,Minneapolis,55413.0,2020,94,the sheridan room
284,KHSGC1jHok8B0k1P27PZHw,Thai Cuisine Xpress,44.9879297652504,-93.2300797797623,"1517 Como Ave SE, Minneapolis 55414",4.0,40,thai cuisine xpress,RESTAURANT,THAI CUISINE XPRESS,1517 COMO AVE SE,1517.0,COMO,AVE,SE,Minneapolis,55414.0,2019,100,thai cuisine xpress
285,wPblCcFNLmETN_RO0v7xxw,Tony's Diner,44.9809893,-93.2366608,"1327 4th St SE, Minneapolis 55414",3.5,82,tony's diner,RESTAURANT,TONY'S DINER,1327 4TH ST SE,1327.0,4TH,ST,SE,Minneapolis,55414.0,2019,98,tony's diner
286,m-1nJOOMzuObL7Zt-O_tyA,Linden Hills Co-op,44.9219512939453,-93.3284454345703,"3815 Sunnyside Ave, Minneapolis 55410",4.0,51,linden hills co-op,RESTAURANT,LINDEN HILLS CO-OP,3815 SUNNYSIDE AVE,3815.0,SUNNYSIDE,AVE,,Minneapolis,55410.0,2018,100,linden hills co-op
287,WvgAuJo6rUM1_I2sVDEzyg,Snack Bar,44.9896,-93.2786408,"800 N Washington Ave, Minneapolis 55401",4.5,23,snack bar,RESTAURANT,SNACK BAR,800 WASHINGTON AVE N #101,800.0,WASHINGTON,AVE,N,Minneapolis,55401.0,2019,80,snack bar
288,h8nelczCxICtX_aRsVlqVQ,Whole Sum Kitchen,44.9124484,-93.2906016,"824 West 50th St, Minneapolis 55419",4.0,58,whole sum kitchen,RESTAURANT,WHOLE SUM KITCHEN,824 50TH ST W,824.0,50TH,ST,W,Minneapolis,55419.0,2019,100,whole sum kitchen
289,GN4BVQMDrXCFhkzcsu0aXg,Saigon Uptown Restaurant,44.9471817,-93.2876816,"3035 Lyndale Ave S, Minneapolis 55408",4.0,68,saigon uptown restaurant,RESTAURANT,SAIGON UPTOWN RESTAURANT,3035 LYNDALE AVE S,3035.0,LYNDALE,AVE,S,Minneapolis,55408.0,2018,94,saigon uptown restaurant
290,7K_XbZAxf4hXZz2p8-S1fA,Dave The Pie Guy,44.93798,-93.28469,"3544 Grand Ave, Minneapolis 55104",4.0,40,dave the pie guy,RESTAURANT,DAVE THE PIE GUY,3544 GRAND AVE S,3544.0,GRAND,AVE,S,Minneapolis,55408.0,2019,96,dave the pie guy
291,AGLEr0UOLDJZVRCN6VJ8bw,Fresh Wok,44.91927085373,-93.278506788355,"4610 Nicollet Ave S, Minneapolis 55419",3.5,102,fresh wok,RESTAURANT,FRESH WOK,4610 NICOLLET AVE,4610.0,NICOLLET,AVE,,Minneapolis,55419.0,2018,96,fresh wok
292,U_P2c1nOyex1KMJbQwM3Dw,Skyway Wok,44.980272950929,-93.266150167962,"250 2nd Ave S, Minneapolis 55401",3.5,69,skyway wok,RESTAURANT,SKYWAY WOK,250 2ND AVE S #245B & C,250.0,2ND,AVE,S,Minneapolis,55401.0,2019,100,skyway wok
293,x7Kij5bIpFEYdABsSUdEHA,Zettas,44.95822,-93.27837,"2424 Nicollet Ave, Minneapolis 55404",5.0,16,zettas,RESTAURANT,ZETTAS,2424 NICOLLET AVE,2424.0,NICOLLET,AVE,,Minneapolis,55404.0,2019,96,zettas
294,ICQ-i82FtKQCMVLwFPW8Qg,Walkin' Dog,44.9765477377285,-93.2690227031708,"618 2nd Ave S, Minneapolis 55402",4.5,24,walkin' dog,RESTAURANT,WALKIN' DOG,618 2ND AVE S #119 NORTH,618.0,2ND,AVE,S,Minneapolis,55402.0,2018,100,walkin' dog
295,AMjgF60vPOxVOlVRKuMYOQ,Sea Salt Eatery,44.9160995287565,-93.2109407023374,"4825 Minnehaha Ave, Minneapolis 55467",4.0,665,sea salt eatery,RESTAURANT,SEA SALT EATERY,4801 MINNEHAHA AVE,4801.0,MINNEHAHA,AVE,,Minneapolis,55417.0,2019,94,sea salt eatery
296,wkxjkcH6Kv8rN5y7QNAq4w,Black Forest Inn,44.9553413391113,-93.2774353027344,"1 E 26th St, Minneapolis 55404",3.0,166,black forest inn,RESTAURANT,BLACK FOREST INN,1 26TH ST E,1.0,26TH,ST,E,Minneapolis,55404.0,2019,96,black forest inn
297,rInKEdhCggS4pytGWQzMSA,The Cajun House,44.97221,-93.22004,"2600 University Ave SE, Minneapolis 55414",3.5,76,the cajun house,RESTAURANT,THE CAJUN HOUSE,2600 UNIVERSITY AVE SE,2600.0,UNIVERSITY,AVE,SE,Minneapolis,55414.0,2019,92,the cajun house
298,ZDGgVQp3-JYKiG4b9H_isg,Truce,44.9447404,-93.2986539,"1428 W 32nd St, Minneapolis 55408",3.5,78,truce,RESTAURANT,TRUCE,1428 32ND ST W,1428.0,32ND,ST,W,Minneapolis,55408.0,2019,100,truce
299,jmIcai-9nu0ydB_xotYUQQ,Truce,44.984254,-93.268833,"120 1st Ave N, Minneapolis 55401",4.0,19,truce,RESTAURANT,TRUCE,1428 32ND ST W,1428.0,32ND,ST,W,Minneapolis,55408.0,2019,100,truce
300,_o_ESjHoJdKV47D2-DPYow,Leaning Tower of Pizza,44.9592961,-93.2882582,"2324 Lyndale Ave S, Minneapolis 55405",3.5,112,leaning tower of pizza,RESTAURANT,LEANING TOWER OF PIZZA,2324 LYNDALE AVE S,2324.0,LYNDALE,AVE,S,Minneapolis,55405.0,2019,100,leaning tower of pizza
301,A5kBva3sb0PmDctnI6RKQg,Vegan East,44.95871,-93.2876,"2409 Lyndale Ave S, Minneapolis 55405",4.5,23,vegan east,RESTAURANT,VEGAN EAST,2409 LYNDALE AVE S,2409.0,LYNDALE,AVE,S,Minneapolis,55405.0,2019,100,vegan east
302,0677hiaJsYK-off1ggQlFQ,Red's Savoy Pizza,44.9592749385068,-93.29375,"2329 Hennepin Ave S, Minneapolis 55405",3.5,114,red's savoy pizza,RESTAURANT,RED'S SAVOY PIZZA,2329 HENNEPIN AVE,2329.0,HENNEPIN,AVE,,Minneapolis,55405.0,2019,100,red's savoy pizza
303,pFd2NI41wwj7_gkiNlFyeQ,Red's Savoy Pizza,44.9885021180686,-93.257015,"18 University Ave NE, Minneapolis 55413",4.0,25,red's savoy pizza,RESTAURANT,RED'S SAVOY PIZZA,2329 HENNEPIN AVE,2329.0,HENNEPIN,AVE,,Minneapolis,55405.0,2019,100,red's savoy pizza
304,XmhWechVVZIyMP9tQQ0jzg,Hibachi Buffet,44.94767,-93.27604,"111 E Lake St, Minneapolis 55408",3.5,81,hibachi buffet,RESTAURANT,HIBACHI BUFFET,111 LAKE ST E,111.0,LAKE,ST,E,Minneapolis,55408.0,2019,100,hibachi buffet
305,FCk1UwNpI58G9lv8KAUm1g,Banana Blossom,45.0132904230466,-93.3016347976179,"1724 N Lowry Ave N, Minneapolis 55412",3.5,73,banana blossom,RESTAURANT,BANANA BLOSSOM,1724 LOWRY AVE N,1724.0,LOWRY,AVE,N,Minneapolis,55411.0,2019,92,banana blossom
306,pIuPGiJJmHzwQ-avbpsz3Q,Sol Taqueria,44.9037478,-93.277874,"5447 Nicollet Ave, Minneapolis 55419",4.5,29,sol taqueria,RESTAURANT,SOL TAQUERIA,5447 NICOLLET AVE,5447.0,NICOLLET,AVE,,Minneapolis,55419.0,2019,96,sol taqueria
307,wd3Dse3PfZt9wTshAgC_9g,Zoe's Cafe,44.94813,-93.29044,"821 W Lake St, Minneapolis 55408",4.5,20,zoe's cafe,RESTAURANT,ZOE'S CAFE,821 LAKE ST W,821.0,LAKE,ST,W,Minneapolis,55408.0,2019,100,zoe's cafe
308,HPqa3lG2cFtmaEVyaENaCw,Teppanyaki Grill & Supreme Buffet,44.94906195365,-93.240248140105,"2216 E Lake St, Minneapolis 55407",3.0,136,teppanyaki grill & supreme buffet,RESTAURANT,TEPPANYAKI GRILL & SUPREME BUFFET,2216 LAKE ST E,2216.0,LAKE,ST,E,Minneapolis,55407.0,2019,98,teppanyaki grill & supreme buffet
309,lJMhLawjrQexJuPGHEmPqA,Valentino Cafe,44.97367,-93.27188,"900 2nd Ave S, Minneapolis 55402",4.5,26,valentino cafe,RESTAURANT,VALENTINO CAFE,900 2ND AVE S,900.0,2ND,AVE,S,Minneapolis,55402.0,2019,96,valentino cafe
310,g9YUxhQN4bdxVEhWbEeqwg,El Burrito Cubano,45.041130065918,-93.2870864868164,"4729 Lyndale Ave N, Minneapolis 55430",4.0,59,el burrito cubano,RESTAURANT,EL BURRITO CUBANO,4729 LYNDALE AVE N,4729.0,LYNDALE,AVE,N,Minneapolis,55430.0,2019,96,el burrito cubano
311,ckKB8UY5IcKZEVjM28jJWg,Lao Sze Chuan,44.9733558,-93.2272846,"304 Oak St SE, Minneapolis 55414",3.5,85,lao sze chuan,RESTAURANT,LAO SZE CHUAN,304 OAK ST SE,304.0,OAK,ST,SE,Minneapolis,55414.0,2019,96,lao sze chuan
312,fFDJDHw8Iwg9zI7AUZ4rWA,Cedar Inn,44.9271278381348,-93.246940612793,"4155 Cedar Ave S, Minneapolis 55407",4.0,53,cedar inn,RESTAURANT,CEDAR INN,4155 CEDAR AVE S,4155.0,CEDAR,AVE,S,Minneapolis,55407.0,2019,98,cedar inn
313,8NeW7r_i_TPTi_2Z5eU2QQ,Wendy's House of SOUL,44.9989005,-93.2935599,"1021 W Broadway Ave N, Minneapolis 55411",4.5,26,wendy's house of soul,RESTAURANT,WENDY'S HOUSE OF SOUL,1021 WEST BROADWAY,1021.0,WEST BROADWAY,,,Minneapolis,55411.0,2019,100,wendy's house of soul
314,TXnblgeYzyMjBjOHaO2iqw,Kadai Indian Kitchen,44.9768333435059,-93.2699584960938,"601 S Marquette Ave, Minneapolis 55402",4.0,46,kadai indian kitchen,RESTAURANT,KADAI INDIAN KITCHEN,601 MARQUETTE AVE #200,601.0,MARQUETTE,AVE,,Minneapolis,55402.0,2019,100,kadai indian kitchen
315,AkqWKcbB39v6F_4Cg1GXiQ,Cafe Patteen,44.9736252,-93.271492,"920 2nd Ave S, Minneapolis 55402",4.0,34,cafe patteen,RESTAURANT,CAFE PATTEEN,920 2ND AVE S,920.0,2ND,AVE,S,Minneapolis,55403.0,2019,96,cafe patteen
316,h3VCnSfVtjip6BSens8D8Q,Harriet's Inn,44.9302,-93.28869,"4000 Lyndale Ave S, Minneapolis 55409",3.0,151,harriet's inn,RESTAURANT,HARRIET'S INN,4000 LYNDALE AVE S,4000.0,LYNDALE,AVE,S,Minneapolis,55409.0,2019,100,harriet's inn
317,INLemkifDPw3FDZZXGD-WA,Sandcastle,44.911879,-93.243477,"4955 W Lake Nokomis Pkwy, Minneapolis 55417",3.5,82,sandcastle,RESTAURANT,SANDCASTLE,4955 WEST LAKE NOKOMIS PKWY,4955.0,WEST LAKE NOKOMIS,PKWY,,Minneapolis,55417.0,2018,96,sandcastle
318,hj9dIQp1kFbJT-XgVUp-4w,Andy's Garage,44.948688,-93.2607411,"920 E Lake St, Minneapolis 55407",3.5,50,andy's garage,RESTAURANT,ANDY'S GARAGE,920 LAKE ST E #151,920.0,LAKE,ST,E,Minneapolis,55407.0,2019,100,andy's garage
319,XQYF9z0n3CmF3TsTX_OkMw,Standish Cafe,44.93396,-93.23679,"2403 E 38th St, Minneapolis 55406",4.5,25,standish cafe,RESTAURANT,STANDISH CAFE,2403 38TH ST E,2403.0,38TH,ST,E,Minneapolis,55406.0,2019,94,standish cafe
320,Tp23oIagxvRFbpmkwrNCzA,Williams Uptown Pub & Peanut Bar,44.9495177292743,-93.2981006699753,"2911 Hennepin Ave, Minneapolis 55408",3.0,112,williams uptown pub & peanut bar,RESTAURANT,WILLIAMS UPTOWN PUB & PEANUT BAR,2911 HENNEPIN AVE,2911.0,HENNEPIN,AVE,,Minneapolis,55408.0,2019,100,williams uptown pub & peanut bar
321,ySHdlNnqlIkXSyJ9y_3uyQ,Cheese Louise,44.9248244,-93.3143021,"4279 Sheridan Ave S, Minneapolis 55410",4.5,18,cheese louise,RESTAURANT,CHEESE LOUISE,4279 SHERIDAN AVE S,4279.0,SHERIDAN,AVE,S,Minneapolis,55410.0,2019,98,cheese louise
322,-g1yKCaZmeP7qs7dlESpEw,Cheese Louise,44.9248244,-93.3143021,"4279 Sheridan Ave S, Minneapolis 55410",4.5,14,cheese louise,RESTAURANT,CHEESE LOUISE,4279 SHERIDAN AVE S,4279.0,SHERIDAN,AVE,S,Minneapolis,55410.0,2019,98,cheese louise
323,bztFhfnncnEDyBrICkWwhw,Orient Express,44.9770869699178,-93.2694872900976,"601 S Marquette Ave, Minneapolis 55402",4.5,16,orient express,RESTAURANT,ORIENT EXPRESS,601 MARQUETTE AVE #204,601.0,MARQUETTE,AVE,,Minneapolis,55402.0,2018,100,orient express
324,DQW0hP1O7N-Ch28HRyMF0Q,The Cafe Meow,44.9593458,-93.2937244,"2323 Hennepin Ave, Minneapolis 55405",3.5,40,the cafe meow,RESTAURANT,THE CAFE MEOW,2323 HENNEPIN AVE,2323.0,HENNEPIN,AVE,,Minneapolis,55405.0,2018,100,the cafe meow
325,0FrPDEbTTbESK9g6atLWNw,JJ'S Poke,44.8792857,-93.320512,"6817 York Ave S, Edina 55435",4.5,106,jj's poke,RESTAURANT,JJ'S POKE,509 14TH AVE SE,509.0,14TH,AVE,SE,Minneapolis,55414.0,2019,98,jj's poke
326,OMXiU7R3Z6dxZX1x1xWoAA,Potbelly Sandwich Shop,44.976144,-93.272497,"210 Ids Center 80 8th S, Minneapolis 55402",3.5,48,potbelly sandwich shop,RESTAURANT,POTBELLY SANDWICH SHOP,2801 HENNEPIN AVE,2801.0,HENNEPIN,AVE,,Minneapolis,55408.0,2019,94,potbelly sandwich shop
327,OFtopS3BNzO8isyMcij-kQ,One Two Three Sushi,44.9757058918476,-93.2723935693502,"80 S 8th St, Minneapolis 55402",3.0,71,one two three sushi,RESTAURANT,ONE TWO THREE SUSHI,80 8TH ST S #228,80.0,8TH,ST,S,Minneapolis,55402.0,2019,100,one two three sushi
328,OFtopS3BNzO8isyMcij-kQ,One Two Three Sushi,44.9757058918476,-93.2723935693502,"80 S 8th St, Minneapolis 55402",3.0,71,one two three sushi,RESTAURANT,ONE TWO THREE SUSHI,50 10TH ST S,50.0,10TH,ST,S,Minneapolis,55402.0,2019,96,one two three sushi
329,OFtopS3BNzO8isyMcij-kQ,One Two Three Sushi,44.9757058918476,-93.2723935693502,"80 S 8th St, Minneapolis 55402",3.0,71,one two three sushi,RESTAURANT,ONE TWO THREE SUSHI,220 6TH ST S #260,220.0,6TH,ST,S,Minneapolis,55402.0,2018,96,one two three sushi
330,eIT228xO6TLyiigdWDEUqg,Wedge Table,44.95847,-93.27837,"2412 Nicollet Ave, Minneapolis 55404",3.5,46,wedge table,GROCERY,WEDGE TABLE,2412 NICOLLET AVE,2412.0,NICOLLET,AVE,,Minneapolis,55404.0,2018,100,wedge table
331,bvs9_sJvp2eZyPkPL4Xt5w,Haiku Japanese Bistro,44.9734250860848,-93.229328020832,"620 Washington Ave SE, Minneapolis 55455",3.0,109,haiku japanese bistro,RESTAURANT,HAIKU JAPANESE BISTRO,620 WASHINGTON AVE SE,620.0,WASHINGTON,AVE,SE,Minneapolis,55414.0,2019,92,haiku japanese bistro
332,Khn0tS_qaJlQSfcvwMz_SA,Chipotle Mexican Grill,44.9736484659689,-93.275380789734,"1040 Nicollet Mall, Minneapolis 55403",3.5,49,chipotle mexican grill,RESTAURANT,CHIPOTLE MEXICAN GRILL,3040 EXCELSIOR BLVD #104,3040.0,EXCELSIOR,BLVD,,Minneapolis,55416.0,2019,100,chipotle mexican grill
333,Khn0tS_qaJlQSfcvwMz_SA,Chipotle Mexican Grill,44.9736484659689,-93.275380789734,"1040 Nicollet Mall, Minneapolis 55403",3.5,49,chipotle mexican grill,RESTAURANT,CHIPOTLE MEXICAN GRILL,229 CEDAR AVE S,229.0,CEDAR,AVE,S,Minneapolis,55454.0,2019,100,chipotle mexican grill
334,Khn0tS_qaJlQSfcvwMz_SA,Chipotle Mexican Grill,44.9736484659689,-93.275380789734,"1040 Nicollet Mall, Minneapolis 55403",3.5,49,chipotle mexican grill,RESTAURANT,CHIPOTLE MEXICAN GRILL,1040 NICOLLET MALL,1040.0,NICOLLET MALL,,,Minneapolis,55403.0,2019,100,chipotle mexican grill
335,Khn0tS_qaJlQSfcvwMz_SA,Chipotle Mexican Grill,44.9736484659689,-93.275380789734,"1040 Nicollet Mall, Minneapolis 55403",3.5,49,chipotle mexican grill,RESTAURANT,CHIPOTLE MEXICAN GRILL,2600 HENNEPIN AVE,2600.0,HENNEPIN,AVE,,Minneapolis,55408.0,2019,100,chipotle mexican grill
336,Khn0tS_qaJlQSfcvwMz_SA,Chipotle Mexican Grill,44.9736484659689,-93.275380789734,"1040 Nicollet Mall, Minneapolis 55403",3.5,49,chipotle mexican grill,RESTAURANT,CHIPOTLE MEXICAN GRILL,225 HENNEPIN AVE E,225.0,HENNEPIN,AVE,E,Minneapolis,55413.0,2019,100,chipotle mexican grill
337,wAUHh8WI9oi0nFrgMQX6aA,Chipotle Mexican Grill,44.955355,-93.297218,"2600 Hennepin Ave, Minneapolis 55408",2.5,91,chipotle mexican grill,RESTAURANT,CHIPOTLE MEXICAN GRILL,3040 EXCELSIOR BLVD #104,3040.0,EXCELSIOR,BLVD,,Minneapolis,55416.0,2019,100,chipotle mexican grill
338,wAUHh8WI9oi0nFrgMQX6aA,Chipotle Mexican Grill,44.955355,-93.297218,"2600 Hennepin Ave, Minneapolis 55408",2.5,91,chipotle mexican grill,RESTAURANT,CHIPOTLE MEXICAN GRILL,229 CEDAR AVE S,229.0,CEDAR,AVE,S,Minneapolis,55454.0,2019,100,chipotle mexican grill
339,wAUHh8WI9oi0nFrgMQX6aA,Chipotle Mexican Grill,44.955355,-93.297218,"2600 Hennepin Ave, Minneapolis 55408",2.5,91,chipotle mexican grill,RESTAURANT,CHIPOTLE MEXICAN GRILL,1040 NICOLLET MALL,1040.0,NICOLLET MALL,,,Minneapolis,55403.0,2019,100,chipotle mexican grill
340,wAUHh8WI9oi0nFrgMQX6aA,Chipotle Mexican Grill,44.955355,-93.297218,"2600 Hennepin Ave, Minneapolis 55408",2.5,91,chipotle mexican grill,RESTAURANT,CHIPOTLE MEXICAN GRILL,2600 HENNEPIN AVE,2600.0,HENNEPIN,AVE,,Minneapolis,55408.0,2019,100,chipotle mexican grill
341,wAUHh8WI9oi0nFrgMQX6aA,Chipotle Mexican Grill,44.955355,-93.297218,"2600 Hennepin Ave, Minneapolis 55408",2.5,91,chipotle mexican grill,RESTAURANT,CHIPOTLE MEXICAN GRILL,225 HENNEPIN AVE E,225.0,HENNEPIN,AVE,E,Minneapolis,55413.0,2019,100,chipotle mexican grill
342,VmDxc1mOpLf1wbR0JOd0_g,Chipotle Mexican Grill,44.9734288211314,-93.2269562338527,"800 Washington Ave SE, Minneapolis 55414",3.0,40,chipotle mexican grill,RESTAURANT,CHIPOTLE MEXICAN GRILL,3040 EXCELSIOR BLVD #104,3040.0,EXCELSIOR,BLVD,,Minneapolis,55416.0,2019,100,chipotle mexican grill
343,VmDxc1mOpLf1wbR0JOd0_g,Chipotle Mexican Grill,44.9734288211314,-93.2269562338527,"800 Washington Ave SE, Minneapolis 55414",3.0,40,chipotle mexican grill,RESTAURANT,CHIPOTLE MEXICAN GRILL,229 CEDAR AVE S,229.0,CEDAR,AVE,S,Minneapolis,55454.0,2019,100,chipotle mexican grill
344,VmDxc1mOpLf1wbR0JOd0_g,Chipotle Mexican Grill,44.9734288211314,-93.2269562338527,"800 Washington Ave SE, Minneapolis 55414",3.0,40,chipotle mexican grill,RESTAURANT,CHIPOTLE MEXICAN GRILL,1040 NICOLLET MALL,1040.0,NICOLLET MALL,,,Minneapolis,55403.0,2019,100,chipotle mexican grill
345,VmDxc1mOpLf1wbR0JOd0_g,Chipotle Mexican Grill,44.9734288211314,-93.2269562338527,"800 Washington Ave SE, Minneapolis 55414",3.0,40,chipotle mexican grill,RESTAURANT,CHIPOTLE MEXICAN GRILL,2600 HENNEPIN AVE,2600.0,HENNEPIN,AVE,,Minneapolis,55408.0,2019,100,chipotle mexican grill
346,VmDxc1mOpLf1wbR0JOd0_g,Chipotle Mexican Grill,44.9734288211314,-93.2269562338527,"800 Washington Ave SE, Minneapolis 55414",3.0,40,chipotle mexican grill,RESTAURANT,CHIPOTLE MEXICAN GRILL,225 HENNEPIN AVE E,225.0,HENNEPIN,AVE,E,Minneapolis,55413.0,2019,100,chipotle mexican grill
347,MY6cgdcuYVgegivXPyWiVQ,Uptown Tavern & Rooftop,44.94941,-93.29739,"1400 Lagoon Ave, Minneapolis 55408",2.5,257,uptown tavern & rooftop,RESTAURANT,UPTOWN TAVERN & ROOFTOP,1400 LAGOON AVE,1400.0,LAGOON,AVE,,Minneapolis,55408.0,2019,96,uptown tavern & rooftop
348,hDRbeM-qZZwMVOCPyzUn9Q,The Office Pub & Grill,44.9845585984813,-93.273138682413,"307 Washington Ave N, Minneapolis 55401",4.0,30,the office pub & grill,RESTAURANT,THE OFFICE PUB & GRILL,307 WASHINGTON AVE N,307.0,WASHINGTON,AVE,N,Minneapolis,55401.0,2019,98,the office pub & grill
349,hPOU6JQoAIYU5Jl4l8sGYw,Hamdi Restaurant,44.94862,-93.2619,"818 E Lake St, Minneapolis 55407",4.0,18,hamdi restaurant,RESTAURANT,HAMDI RESTAURANT,818 LAKE ST E,818.0,LAKE,ST,E,Minneapolis,55407.0,2019,100,hamdi restaurant
350,VP7_OqfXyyA07M4UJXsuDw,Davanni's Pizza & Hot Hoagies,44.974805,-93.281171,"1242 Hennepin Ave, Minneapolis 55403",3.5,49,davanni's pizza & hot hoagies,RESTAURANT,DAVANNI'S PIZZA & HOT HOAGIES,2500 RIVERSIDE AVE,2500.0,RIVERSIDE,AVE,,Minneapolis,55454.0,2019,94,davanni's pizza & hot hoagies
351,VP7_OqfXyyA07M4UJXsuDw,Davanni's Pizza & Hot Hoagies,44.974805,-93.281171,"1242 Hennepin Ave, Minneapolis 55403",3.5,49,davanni's pizza & hot hoagies,RESTAURANT,DAVANNI'S PIZZA & HOT HOAGIES,1242 HENNEPIN AVE,1242.0,HENNEPIN,AVE,,Minneapolis,55403.0,2019,96,davanni's pizza & hot hoagies
352,hgzlu84sN-VOKfKJeM3fXQ,Davanni's Pizza & Hot Hoagies,44.9655876159668,-93.2358856201172,"2500 Riverside Ave, Minneapolis 55454",3.5,31,davanni's pizza & hot hoagies,RESTAURANT,DAVANNI'S PIZZA & HOT HOAGIES,2500 RIVERSIDE AVE,2500.0,RIVERSIDE,AVE,,Minneapolis,55454.0,2019,94,davanni's pizza & hot hoagies
353,hgzlu84sN-VOKfKJeM3fXQ,Davanni's Pizza & Hot Hoagies,44.9655876159668,-93.2358856201172,"2500 Riverside Ave, Minneapolis 55454",3.5,31,davanni's pizza & hot hoagies,RESTAURANT,DAVANNI'S PIZZA & HOT HOAGIES,1242 HENNEPIN AVE,1242.0,HENNEPIN,AVE,,Minneapolis,55403.0,2019,96,davanni's pizza & hot hoagies
354,jEW3uIhh8xP5IH6DPLKEvg,Davanni's Pizza & Hot Hoagies,44.911956339858,-93.353314886647,"5124 Gus Young Ln, Minneapolis 55436",3.5,23,davanni's pizza & hot hoagies,RESTAURANT,DAVANNI'S PIZZA & HOT HOAGIES,2500 RIVERSIDE AVE,2500.0,RIVERSIDE,AVE,,Minneapolis,55454.0,2019,94,davanni's pizza & hot hoagies
355,jEW3uIhh8xP5IH6DPLKEvg,Davanni's Pizza & Hot Hoagies,44.911956339858,-93.353314886647,"5124 Gus Young Ln, Minneapolis 55436",3.5,23,davanni's pizza & hot hoagies,RESTAURANT,DAVANNI'S PIZZA & HOT HOAGIES,1242 HENNEPIN AVE,1242.0,HENNEPIN,AVE,,Minneapolis,55403.0,2019,96,davanni's pizza & hot hoagies
356,I4mAWCZV5iNL1Rk9fuK9Rg,The Pourhouse,44.9795303,-93.2717285,"10 South 5th St, Minneapolis 55402",3.0,111,the pourhouse,RESTAURANT,THE POURHOUSE,2923 GIRARD AVE S,2923.0,GIRARD,AVE,S,Minneapolis,55408.0,2018,100,the pourhouse
357,sZQpvBGrIPBM-_eWRVsHRg,Seward Community Co-op,44.9339485168457,-93.2718124389648,"317 E 38th St, Minneapolis 55409",4.0,26,seward community co-op,RESTAURANT,SEWARD COMMUNITY CO-OP,317 38TH ST E,317.0,38TH,ST,E,Minneapolis,,2018,100,seward community co-op
358,CeUsGqy_TNWB2gDdwD-zTw,Hibachi Daruma,44.97474,-93.27266,"820 Marquette Ave, Minneapolis 55402",3.5,34,hibachi daruma,RESTAURANT,HIBACHI DARUMA,820 MARQUETTE AVE,820.0,MARQUETTE,AVE,,Minneapolis,55402.0,2019,96,hibachi daruma
359,nJtp85Y7Lfob9gQsvnE2fg,Pineda Tacos Plus,44.948541,-93.270848,"330 E Lake St, Minneapolis 55408",4.5,16,pineda tacos plus,RESTAURANT,PINEDA TACOS PLUS,330 LAKE ST E,330.0,LAKE,ST,E,Minneapolis,55408.0,2018,98,pineda tacos plus
360,dc5ePhv-hObvrYG9cSQg4Q,Grass Roots Gourmet,44.9484849,-93.2610135,"920 E Lake St, Minneapolis 55407",5.0,9,grass roots gourmet,RESTAURANT,GRASS ROOTS GOURMET,920 LAKE ST E #130,920.0,LAKE,ST,E,Minneapolis,55407.0,2019,100,grass roots gourmet
361,F-c1EaX_VyChQxr4jl-csw,China Kitchen,44.97927,-93.26701,"330 2nd Ave S, Minneapolis 55401",4.0,19,china kitchen,RESTAURANT,CHINA KITCHEN,330 2ND AVE S #230,330.0,2ND,AVE,S,Minneapolis,55401.0,2019,98,china kitchen
362,BQvpnYJOnaKpBzDvGV_DVA,Patrick's Bakery & Cafe,44.89408,-93.29018,"6010 Lyndale Ave S, Minneapolis 55419",3.5,35,patrick's bakery & cafe,RESTAURANT,PATRICK'S BAKERY & CAFE,6010 LYNDALE AVE S,6010.0,LYNDALE,AVE,S,Minneapolis,55419.0,2019,98,patrick's bakery & cafe
363,yTNw2ZdXTs3_qxdXiKafow,Bread & Pickle,44.927969113415,-93.308315735701,"4135 W Lake Harriet Pkwy, Minneapolis 55419",3.0,93,bread & pickle,RESTAURANT,BREAD & PICKLE,4135 WEST LAKE HARRIET PKWY,4135.0,WEST LAKE HARRIET,PKWY,,Minneapolis,55409.0,2018,100,bread & pickle
364,UKSE4Axlcs1labHPkpWWvA,Cargo Food Authority,44.9796917826255,-93.2753775238037,"600 N 1st Ave, Minneapolis 55403",4.0,21,cargo food authority,RESTAURANT,CARGO FOOD AUTHORITY,600 1ST AVE N,600.0,1ST,AVE,N,Minneapolis,55403.0,2019,98,cargo food authority
365,FSoCl9nWKQ3azx-LPsZPTQ,China Express,44.980916,-93.23579,"409 14th Ave SE, Minneapolis 55414",3.5,34,china express,RESTAURANT,CHINA EXPRESS,409 14TH AVE SE,409.0,14TH,AVE,SE,Minneapolis,55414.0,2018,100,china express
366,2k6qCM--anK0eV3CrkaiRw,China Wok,44.9517822265625,-93.2333679199219,"2800 27th Ave S, Minneapolis 55406",3.5,64,china wok,RESTAURANT,CHINA WOK,2800 27TH AVE S,2800.0,27TH,AVE,S,Minneapolis,55406.0,2020,92,china wok
367,QYuSdP4zVTzoccC4cKsHsw,Jackson's Hole,44.98236,-93.2715,"106 N 3rd St, Minneapolis 55401",3.5,53,jackson's hole,RESTAURANT,JACKSON'S HOLE,106 3RD ST N,106.0,3RD,ST,N,Minneapolis,55401.0,2019,98,jackson's hole
368,rJfXqWLD-2wPC6RQKMAEgg,Good To Go,44.9770289737089,-93.2680177871719,"200 S 6th St, Minneapolis 55402",3.5,45,good to go,RESTAURANT,GOOD TO GO,800 LASALLE AVE #214,800.0,LASALLE,AVE,,Minneapolis,55402.0,2019,96,good to go
369,e1jCTJNQbzjeHW_VEc7g2Q,Igrill,44.97858,-93.2664,"331 2nd Ave S, Minneapolis 55401",3.5,33,igrill,RESTAURANT,IGRILL,331 2ND AVE S #206,331.0,2ND,AVE,S,Minneapolis,55401.0,2020,96,igrill
370,e1jCTJNQbzjeHW_VEc7g2Q,Igrill,44.97858,-93.2664,"331 2nd Ave S, Minneapolis 55401",3.5,33,igrill,RESTAURANT,IGRILL,2910 PILLSBURY AVE #409,2910.0,PILLSBURY,AVE,,Minneapolis,55408.0,2019,94,igrill
371,VLwEsESOvmZOF-skyEShSw,Conga Latin Bistro,44.989379177862,-93.253701475019,"501 Hennepin Ave E, Minneapolis 55414",3.0,79,conga latin bistro,RESTAURANT,CONGA LATIN BISTRO,501 HENNEPIN AVE E,501.0,HENNEPIN,AVE,E,Minneapolis,55414.0,2019,100,conga latin bistro
372,exgE0xBKDQNDUtGju7Hhig,Bryn Mawr Pizza & Deli,44.97377,-93.3087,"404 Cedar Lake Rd S, Minneapolis 55405",3.5,34,bryn mawr pizza & deli,RESTAURANT,BRYN MAWR PIZZA & DELI,404 CEDAR LAKE RD S,404.0,CEDAR LAKE,RD,S,Minneapolis,55405.0,2019,98,bryn mawr pizza & deli
373,irTAxcYgg8eVCahiV6VjEA,C McGee's Deli,44.9888466,-93.2811082,"901 N 3rd St, Minneapolis 55401",4.0,22,c mcgee's deli,RESTAURANT,C MCGEE'S DELI,901 3RD ST N #123,901.0,3RD,ST,N,Minneapolis,55401.0,2019,98,c mcgee's deli
374,uTJrWX3NoFK9OgfFzl_Pkg,Panera Bread,44.9754692,-93.2732066,"809 Nicollet Mall, Minneapolis 55402",3.0,68,panera bread,RESTAURANT,PANERA BREAD,810 27TH ST E,810.0,27TH,ST,E,Minneapolis,55407.0,2019,100,panera bread
375,pXNxN_jpbCcoUtAA--tyZQ,Fast Eddies Pizza,44.9165136995059,-93.2776775211096,"4747 Nicollet Ave, Minneapolis 55419",4.0,25,fast eddies pizza,RESTAURANT,FAST EDDIES PIZZA,4747 NICOLLET AVE,4747.0,NICOLLET,AVE,,Minneapolis,55419.0,2019,94,fast eddies pizza
376,dpAKPuEONVTHcsyIZX04Gw,Sphere,44.97834,-93.26862,"100 S 5th St, Minneapolis 55402",4.5,15,sphere,RESTAURANT,SPHERE,100 5TH ST S,100.0,5TH,ST,S,Minneapolis,55402.0,2019,100,sphere
377,p3qqi-qbwiYGgfRRbHxaag,Chinese Express,44.9479904,-93.2757797,"121 E Lake St, Minneapolis 55408",3.5,45,chinese express,RESTAURANT,CHINESE EXPRESS,121 LAKE ST E,121.0,LAKE,ST,E,Minneapolis,55408.0,2018,100,chinese express
378,TbPG6Zr9d3z3GYTSfSh7EA,Crystal Garden,44.9175791,-93.2163482,"4711 Hiawatha Ave, Minneapolis 55406",3.5,42,crystal garden,RESTAURANT,CRYSTAL GARDEN,4711 HIAWATHA AVE,4711.0,HIAWATHA,AVE,,Minneapolis,55406.0,2018,100,crystal garden
379,eUVB97WxukntBfYAMz8Qzw,India Palace,45.01879,-93.18658,"2570 Cleveland Ave N, Roseville 55113",3.5,228,india palace,RESTAURANT,INDIA PALACE,2546 HENNEPIN AVE,2546.0,HENNEPIN,AVE,,Minneapolis,55405.0,2019,88,india palace
380,3BrweyuHMhBpjGckFwn60g,Gatherings Cafe,44.963214691287,-93.2523108646274,"1530 E Franklin Ave, Minneapolis 55404",5.0,7,gatherings cafe,RESTAURANT,GATHERINGS CAFE,1530 FRANKLIN AVE E,1530.0,FRANKLIN,AVE,E,Minneapolis,55404.0,2019,96,gatherings cafe
381,O8lba5DnEQcLAIL1mmr5QQ,Sal's on Fifth,44.9797456598687,-93.272697774138,"10 N 5th St, Minneapolis 55403",3.5,37,sal's on fifth,RESTAURANT,SAL'S ON FIFTH,10 5TH ST N,10.0,5TH,ST,N,Minneapolis,55401.0,2019,98,sal's on fifth
382,lOCPUYRWWFcBY_Xj43u1Bg,Crepes Up Delicious,44.97727,-93.2687399,"120 S 6th St, Minneapolis 55402",4.5,13,crepes up delicious,RESTAURANT,CREPES UP DELICIOUS,120 6TH ST S #211,120.0,6TH,ST,S,Minneapolis,55402.0,2019,96,crepes up delicious
383,WIB_t97hhnXfzIdmnBGIDg,Ping's Szechuan Bar & Grill,44.9688282,-93.2776772,"1401 Nicollet Ave, Minneapolis 55403",3.0,70,ping's szechuan bar & grill,RESTAURANT,PING'S SZECHUAN BAR & GRILL,1401 NICOLLET AVE,1401.0,NICOLLET,AVE,,Minneapolis,55403.0,2019,96,ping's szechuan bar & grill
384,G4Duu8iv8vZQpHww7qfJnA,Bar Brava,44.998699,-93.281555,"1914 N Washington Ave, Minneapolis 55411",4.5,10,bar brava,RESTAURANT,BAR BRAVA,1914 WASHINGTON AVE N,1914.0,WASHINGTON,AVE,N,Minneapolis,55411.0,2019,82,bar brava
385,96eiSbITmJ7x3telDftzNw,Star Dragon,44.948657,-93.251716,"1540 E Lake St, Minneapolis 55407",3.0,46,star dragon,RESTAURANT,STAR DRAGON,1540 LAKE ST E,1540.0,LAKE,ST,E,Minneapolis,55407.0,2018,100,star dragon
386,8GxiNyWh2ODxRQdI6ULOWw,Devil's Advocate,44.9733883904789,-93.2755727934486,"1070 Nicollet Mall, Minneapolis 55403",3.5,32,devil's advocate,RESTAURANT,DEVIL'S ADVOCATE,1070 NICOLLET MALL,1070.0,NICOLLET MALL,,,Minneapolis,55403.0,2019,94,devil's advocate
387,_DgIGRRabbuxvwORosiD9w,Great Dragon,44.9632568,-93.2626877,"1916 Chicago Ave, Minneapolis 55404",3.5,40,great dragon,RESTAURANT,GREAT DRAGON,1916 CHICAGO AVE,1916.0,CHICAGO,AVE,,Minneapolis,55404.0,2019,100,great dragon
388,NzdgoqeOPrOoHYxg93ByEQ,Freshii,44.977317,-93.271283,"651 Nicollet Mall, Minneapolis 56601",3.0,42,freshii,RESTAURANT,FRESHII,651 NICOLLET MALL #239,651.0,NICOLLET MALL,,,Minneapolis,55402.0,2018,100,freshii
389,-iLQscfK_chaS-X9orCHJg,China Moon,44.9497340355295,-93.2925515031574,"2929 Dupont Ave, Minneapolis 55408",3.0,51,china moon,RESTAURANT,CHINA MOON,2929 DUPONT AVE S,2929.0,DUPONT,AVE,S,Minneapolis,55408.0,2019,100,china moon
390,ADnP1n7h6ZZb900eAGNUsw,Brava on Wheels,44.9763038208627,-93.2708945674286,"Food Truck 7th And Marquette, Minneapolis 55403",3.5,24,brava on wheels,FOOD TRUCK,BRAVA ON WHEELS,2021 HENNEPIN AVE E,2021.0,HENNEPIN,AVE,E,Minneapolis,55413.0,2018,96,brava on wheels
391,_IV7A-shfPUlbvdNR2861A,Best Steak House,44.90364,-93.2777,"5455 Nicollet Ave, Minneapolis 55419",3.5,34,best steak house,RESTAURANT,BEST STEAK HOUSE,5455 NICOLLET AVE,5455.0,NICOLLET,AVE,,Minneapolis,55419.0,2019,98,best steak house
392,U0twa-r9GehTA6DJAZJG_Q,Huie's Chow Mein,44.90549,-93.26302,"5358 Chicago Ave, Minneapolis 55417",4.0,16,huie's chow mein,RESTAURANT,HUIE'S CHOW MEIN,5358 CHICAGO AVE,5358.0,CHICAGO,AVE,,Minneapolis,55417.0,2019,94,huie's chow mein
393,SOzCglIyruMNgtOeA7yQhA,Blarney Pub & Grill,44.98077,-93.23504,"412 14th Ave SE, Minneapolis 55414",2.5,78,blarney pub & grill,RESTAURANT,BLARNEY PUB & GRILL,412 14TH AVE SE,412.0,14TH,AVE,SE,Minneapolis,55414.0,2019,92,blarney pub & grill
394,Hw_2k5tyfs8xVMA4miAgtQ,Market Bar-B-Que,45.0130028,-93.2650573,"220 NE Lowry Ave, Minneapolis 55418",3.0,50,market bar-b-que,FOOD TRUCK,MARKET BAR-B-QUE,220 LOWRY AVE NE,220.0,LOWRY,AVE,NE,Minneapolis,55418.0,2019,92,market bar-b-que
395,q5UQBXee7gR-etVuUEiXTQ,Jewel of India,44.97298,-93.24815,"1427 Washington Ave S, Minneapolis 55454",2.5,101,jewel of india,RESTAURANT,JEWEL OF INDIA,1427 WASHINGTON AVE S,1427.0,WASHINGTON,AVE,S,Minneapolis,55454.0,2019,94,jewel of india
396,prcUAFH-J-YhDQBt9QTfDg,Noodles & Company,44.9474746,-93.3214836,"3040 Excelsior Blvd At Lake, Minneapolis 55416",3.0,43,noodles & company,RESTAURANT,NOODLES & COMPANY,3040 EXCELSIOR BLVD,3040.0,EXCELSIOR,BLVD,,Minneapolis,55416.0,2019,100,noodles & company
397,prcUAFH-J-YhDQBt9QTfDg,Noodles & Company,44.9474746,-93.3214836,"3040 Excelsior Blvd At Lake, Minneapolis 55416",3.0,43,noodles & company,RESTAURANT,NOODLES & COMPANY,300 HENNEPIN AVE E,300.0,HENNEPIN,AVE,E,Minneapolis,55414.0,2019,94,noodles & company
398,y_GcG-RcDzTey8irPjsrVw,Noodles & Company,44.9734782,-93.2263615,"820 Washington Ave SE, Minneapolis 55414",3.0,39,noodles & company,RESTAURANT,NOODLES & COMPANY,3040 EXCELSIOR BLVD,3040.0,EXCELSIOR,BLVD,,Minneapolis,55416.0,2019,100,noodles & company
399,y_GcG-RcDzTey8irPjsrVw,Noodles & Company,44.9734782,-93.2263615,"820 Washington Ave SE, Minneapolis 55414",3.0,39,noodles & company,RESTAURANT,NOODLES & COMPANY,300 HENNEPIN AVE E,300.0,HENNEPIN,AVE,E,Minneapolis,55414.0,2019,94,noodles & company
400,QWsDfmAJDqlEz4C8EOz1_w,Thr3 Jack,44.98795,-93.27803,"729 N Washington Ave, Minneapolis 55401",4.5,10,thr3 jack,RESTAURANT,THR3 JACK,724 3RD ST N,724.0,3RD,ST,N,Minneapolis,55401.0,2019,92,thr3 jack
401,3gn2zHD4Xgmzb7QVn73nZA,The Fremont,44.9494705200195,-93.2960891723633,"1300 Lagoon Ave, Minneapolis 55408",2.5,67,the fremont,RESTAURANT,THE FREMONT,1300 LAGOON AVE,1300.0,LAGOON,AVE,,Minneapolis,55408.0,2019,100,the fremont
402,BPnHjfvB8BNUytI5rU1PvA,Bar Zia,44.9776,-93.2629,"420 S 4th St, Minneapolis 55415",3.0,40,bar zia,RESTAURANT,BAR ZIA,420 4TH ST S,420.0,4TH,ST,S,Minneapolis,55415.0,2019,96,bar zia
403,7H-_eo8vlr7mC9pyN8CY3g,Falafel King,44.9491430073769,-93.3207304163834,"3238 W Lake St, Minneapolis 55416",3.0,40,falafel king,RESTAURANT,FALAFEL KING,3238 LAKE ST W,3238.0,LAKE,ST,W,Minneapolis,55416.0,2019,100,falafel king
404,V-7qYsL2gw0W8YWmC7J4cQ,So Good Asian,44.977079,-93.268036,"200 S 6th St, Minneapolis 55402",4.0,16,so good asian,RESTAURANT,SO GOOD ASIAN,200 6TH ST S #SUITE 280,200.0,6TH,ST,S,Minneapolis,55402.0,2019,100,so good asian
405,HjFFHiY-eCcRDKlf_C1xrw,Hook Fish & Chicken,44.998878,-93.295295,"1127 W Broadway Ave, Minneapolis 55411",3.5,22,hook fish & chicken,RESTAURANT,HOOK FISH & CHICKEN,221 LAKE ST W,221.0,LAKE,ST,W,Minneapolis,55408.0,2019,96,hook fish & chicken
406,HjFFHiY-eCcRDKlf_C1xrw,Hook Fish & Chicken,44.998878,-93.295295,"1127 W Broadway Ave, Minneapolis 55411",3.5,22,hook fish & chicken,RESTAURANT,HOOK FISH & CHICKEN,1127 WEST BROADWAY,1127.0,WEST BROADWAY,,,Minneapolis,55411.0,2020,94,hook fish & chicken
407,H5_73iHnFzwcJcKvHfuihg,Lien Son Restaurant,44.99856,-93.24136,"1216 Broadway St NE, Minneapolis 55413",3.5,20,lien son restaurant,RESTAURANT,LIEN SON RESTAURANT,1216 BROADWAY ST NE,1216.0,BROADWAY,ST,NE,Minneapolis,55413.0,2019,98,lien son restaurant
408,fFcffz7HlA1R9fvALIGL5Q,Parkway Pizza,44.94937,-93.36029,"6325 Minnetonka Blvd, St Louis Park 55416",4.0,36,parkway pizza,RESTAURANT,PARKWAY PIZZA,4359 MINNEHAHA AVE,4359.0,MINNEHAHA,AVE,,Minneapolis,55406.0,2018,96,parkway pizza
409,fFcffz7HlA1R9fvALIGL5Q,Parkway Pizza,44.94937,-93.36029,"6325 Minnetonka Blvd, St Louis Park 55416",4.0,36,parkway pizza,RESTAURANT,PARKWAY PIZZA,2851 JOHNSON ST NE,2851.0,JOHNSON,ST,NE,Minneapolis,55418.0,2019,100,parkway pizza
410,CmqaDrlere02JPhe5mb2Cg,Fabulous Catering,44.9499,-93.25666,"2900 13th Ave S, Minneapolis 55407",5.0,5,fabulous catering,CATERER,FABULOUS CATERING,2900 13TH AVE S,2900.0,13TH,AVE,S,Minneapolis,55407.0,2019,100,fabulous catering
411,N3qVkq8P42uR6VXUKVmtxw,Wholesoul a Lavender & Sage Eatery,44.9398026,-93.2533339,", Minneapolis 55411",4.5,6,wholesoul a lavender & sage eatery,FOOD TRUCK,WHOLESOUL A LAVENDER & SAGE EATERY,3722 CHICAGO AVE,3722.0,CHICAGO,AVE,,Minneapolis,55407.0,2019,100,wholesoul a lavender & sage eatery
412,_RbElizwRNIG_BsLa4uS0Q,Gastrotruck,45.0122883,-93.2633064,"2400 University Ave NE, Minneapolis 55418",4.5,7,gastrotruck,FOOD TRUCK,GASTROTRUCK,2400 UNIVERSITY AVE NE,2400.0,UNIVERSITY,AVE,NE,Minneapolis,55418.0,2019,96,gastrotruck
413,r5jYoCdIe6eh4zFYdksYNg,Pair of Dice Pizza,45.00926,-93.31499,"2715 W Broadway Ave, Minneapolis 55411",3.5,20,pair of dice pizza,RESTAURANT,PAIR OF DICE PIZZA,2715 WEST BROADWAY,2715.0,WEST BROADWAY,,,Minneapolis,55411.0,2019,94,pair of dice pizza
414,EjKfJ7Al5Mm0YQRNjQtqiQ,La Alborada Market,44.948055267334,-93.245231628418,"1855 E Lake St, Minneapolis 55407",3.5,13,la alborada market,RESTAURANT,LA ALBORADA MARKET,1855 LAKE ST E,1855.0,LAKE,ST,E,Minneapolis,55407.0,2018,100,la alborada market
415,LvGXa3_xmSqOoGS3fsPG5g,New York Gyro,44.949151,-93.283917,"312 W Lake St, Minneapolis 55408",4.0,10,new york gyro,RESTAURANT,NEW YORK GYRO,312 LAKE ST W,312.0,LAKE,ST,W,Minneapolis,55408.0,2019,68,new york gyro
